	ab	abmainrel	absubrel	abtag	cd	cdmainrel	cdsubrel	cdtag	chunks	match	probe	probearr	probecorr	proberesp	trialtag	trialtype
0	0	None	None	None	1	2	6	enthusiastic:lazy	8	0	0	0	0	0	acceleration:speed::enthusiastic:lazy	CD
1	1	1	3	acceleration:speed	0	None	None	None	8	None	0	0	0	0	acceleration:speed::enthusiastic:lazy	AB
2	0	1	3	acceleration:speed	0	2	6	enthusiastic:lazy	8	0	1	2	3	['3']	acceleration:speed::enthusiastic:lazy	Probe
3	0	None	None	None	1	1	3	inflation:price	5	1	0	0	0	0	acceleration:speed::inflation:price	CD
4	1	1	3	acceleration:speed	0	None	None	None	5	None	0	0	0	0	acceleration:speed::inflation:price	AB
5	0	1	3	acceleration:speed	0	1	3	inflation:price	5	1	1	1	3	['4']	acceleration:speed::inflation:price	Probe
6	0	None	None	None	1	1	2	chair:sofa	3	0	0	0	0	0	accept:reject::chair:sofa	CD
7	1	2	4	accept:reject	0	None	None	None	3	None	0	0	0	0	accept:reject::chair:sofa	AB
8	0	2	4	accept:reject	0	1	2	chair:sofa	3	0	1	1	4	['4']	accept:reject::chair:sofa	Probe
9	0	None	None	None	1	1	3	lower:volume	1	0	0	0	0	0	accept:reject::lower:volume	CD
10	1	2	4	accept:reject	0	None	None	None	1	None	0	0	0	0	accept:reject::lower:volume	AB
11	0	2	4	accept:reject	0	1	3	lower:volume	1	0	1	2	3	['3']	accept:reject::lower:volume	Probe
12	0	None	None	None	1	3	7	germs:sickness	6	1	0	0	0	0	accident:damage::germs:sickness	CD
13	1	3	7	accident:damage	0	None	None	None	6	None	0	0	0	0	accident:damage::germs:sickness	AB
14	0	3	7	accident:damage	0	3	7	germs:sickness	6	1	1	2	4	['4']	accident:damage::germs:sickness	Probe
15	0	None	None	None	1	1	1	make:manufacture	8	0	0	0	0	0	accident:damage::make:manufacture	CD
16	1	3	7	accident:damage	0	None	None	None	8	None	0	0	0	0	accident:damage::make:manufacture	AB
17	0	3	7	accident:damage	0	1	1	make:manufacture	8	0	1	1	4	['4']	accident:damage::make:manufacture	Probe
18	0	None	None	None	1	1	2	paper:parchment	6	0	0	0	0	0	advertise:promote::paper:parchment	CD
19	1	3	9	advertise:promote	0	None	None	None	6	None	0	0	0	0	advertise:promote::paper:parchment	AB
20	0	3	9	advertise:promote	0	1	2	paper:parchment	6	0	1	2	3	['4']	advertise:promote::paper:parchment	Probe
21	0	None	None	None	1	3	9	wash:clean	8	1	0	0	0	0	advertise:promote::wash:clean	CD
22	1	3	9	advertise:promote	0	None	None	None	8	None	0	0	0	0	advertise:promote::wash:clean	AB
23	0	3	9	advertise:promote	0	3	9	wash:clean	8	1	1	1	3	['3']	advertise:promote::wash:clean	Probe
24	0	None	None	None	1	3	7	bath:cleanliness	2	0	0	0	0	0	ahead:behind::bath:cleanliness	CD
25	1	2	5	ahead:behind	0	None	None	None	2	None	0	0	0	0	ahead:behind::bath:cleanliness	AB
26	0	2	5	ahead:behind	0	3	7	bath:cleanliness	2	0	1	1	4	['4']	ahead:behind::bath:cleanliness	Probe
27	0	None	None	None	1	3	9	breathe:live	4	0	0	0	0	0	ahead:behind::breathe:live	CD
28	1	2	5	ahead:behind	0	None	None	None	4	None	0	0	0	0	ahead:behind::breathe:live	AB
29	0	2	5	ahead:behind	0	3	9	breathe:live	4	0	1	1	4	['4']	ahead:behind::breathe:live	Probe
30	0	None	None	None	1	2	5	interior:exterior	6	0	0	0	0	0	anger:yell::interior:exterior	CD
31	1	3	8	anger:yell	0	None	None	None	6	None	0	0	0	0	anger:yell::interior:exterior	AB
32	0	3	8	anger:yell	0	2	5	interior:exterior	6	0	1	2	3	['3']	anger:yell::interior:exterior	Probe
33	0	None	None	None	1	2	6	smiling:sad	8	0	0	0	0	0	anger:yell::smiling:sad	CD
34	1	3	8	anger:yell	0	None	None	None	8	None	0	0	0	0	anger:yell::smiling:sad	AB
35	0	3	8	anger:yell	0	2	6	smiling:sad	8	0	1	2	3	['3']	anger:yell::smiling:sad	Probe
36	0	None	None	None	1	2	5	ahead:behind	6	0	0	0	0	0	bath:cleanliness::ahead:behind	CD
37	1	3	7	bath:cleanliness	0	None	None	None	6	None	0	0	0	0	bath:cleanliness::ahead:behind	AB
38	0	3	7	bath:cleanliness	0	2	5	ahead:behind	6	0	1	2	3	['3']	bath:cleanliness::ahead:behind	Probe
39	0	None	None	None	1	1	2	pencil:pen	7	0	0	0	0	0	bath:cleanliness::pencil:pen	CD
40	1	3	7	bath:cleanliness	0	None	None	None	7	None	0	0	0	0	bath:cleanliness::pencil:pen	AB
41	0	3	7	bath:cleanliness	0	1	2	pencil:pen	7	0	1	1	4	['4']	bath:cleanliness::pencil:pen	Probe
42	0	None	None	None	1	1	1	run:sprint	7	0	0	0	0	0	bathe:clean::run:sprint	CD
43	1	3	9	bathe:clean	0	None	None	None	7	None	0	0	0	0	bathe:clean::run:sprint	AB
44	0	3	9	bathe:clean	0	1	1	run:sprint	7	0	1	1	4	['3']	bathe:clean::run:sprint	Probe
45	0	None	None	None	1	3	9	work:earn	5	1	0	0	0	0	bathe:clean::work:earn	CD
46	1	3	9	bathe:clean	0	None	None	None	5	None	0	0	0	0	bathe:clean::work:earn	AB
47	0	3	9	bathe:clean	0	3	9	work:earn	5	1	1	2	4	['4']	bathe:clean::work:earn	Probe
48	0	None	None	None	1	3	8	dirtiness:bathe	5	0	0	0	0	0	below:above::dirtiness:bathe	CD
49	1	2	5	below:above	0	None	None	None	5	None	0	0	0	0	below:above::dirtiness:bathe	AB
50	0	2	5	below:above	0	3	8	dirtiness:bathe	5	0	1	2	3	['3']	below:above::dirtiness:bathe	Probe
51	0	None	None	None	1	1	3	raise:salary	8	0	0	0	0	0	below:above::raise:salary	CD
52	1	2	5	below:above	0	None	None	None	8	None	0	0	0	0	below:above::raise:salary	AB
53	0	2	5	below:above	0	1	3	raise:salary	8	0	1	1	4	['4']	below:above::raise:salary	Probe
54	0	None	None	None	1	2	6	low:up	7	0	0	0	0	0	big:large::low:up	CD
55	1	1	1	big:large	0	None	None	None	7	None	0	0	0	0	big:large::low:up	AB
56	0	1	1	big:large	0	2	6	low:up	7	0	1	2	3	['3']	big:large::low:up	Probe
57	0	None	None	None	1	1	1	option:choice	6	1	0	0	0	0	big:large::option:choice	CD
58	1	1	1	big:large	0	None	None	None	6	None	0	0	0	0	big:large::option:choice	AB
59	0	1	1	big:large	0	1	1	option:choice	6	1	1	1	3	['4']	big:large::option:choice	Probe
60	0	None	None	None	1	2	4	difficult:easy	2	1	0	0	0	0	big:small::difficult:easy	CD
61	1	2	4	big:small	0	None	None	None	2	None	0	0	0	0	big:small::difficult:easy	AB
62	0	2	4	big:small	0	2	4	difficult:easy	2	1	1	1	3	['3']	big:small::difficult:easy	Probe
63	0	None	None	None	1	2	4	dirty:clean	4	1	0	0	0	0	big:small::dirty:clean	CD
64	1	2	4	big:small	0	None	None	None	4	None	0	0	0	0	big:small::dirty:clean	AB
65	0	2	4	big:small	0	2	4	dirty:clean	4	1	1	2	4	['4']	big:small::dirty:clean	Probe
66	0	None	None	None	1	2	4	pretty:ugly	3	1	0	0	0	0	black:white::pretty:ugly	CD
67	1	2	4	black:white	0	None	None	None	3	None	0	0	0	0	black:white::pretty:ugly	AB
68	0	2	4	black:white	0	2	4	pretty:ugly	3	1	1	2	4	['4']	black:white::pretty:ugly	Probe
69	0	None	None	None	1	1	3	terror:fear	1	0	0	0	0	0	black:white::terror:fear	CD
70	1	2	4	black:white	0	None	None	None	1	None	0	0	0	0	black:white::terror:fear	AB
71	0	2	4	black:white	0	1	3	terror:fear	1	0	1	2	3	['3']	black:white::terror:fear	Probe
72	0	None	None	None	1	1	1	big:large	1	1	0	0	0	0	boat:ship::big:large	CD
73	1	1	1	boat:ship	0	None	None	None	1	None	0	0	0	0	boat:ship::big:large	AB
74	0	1	1	boat:ship	0	1	1	big:large	1	1	1	1	3	['3']	boat:ship::big:large	Probe
75	0	None	None	None	1	1	1	pants:trousers	3	1	0	0	0	0	boat:ship::pants:trousers	CD
76	1	1	1	boat:ship	0	None	None	None	3	None	0	0	0	0	boat:ship::pants:trousers	AB
77	0	1	1	boat:ship	0	1	1	pants:trousers	3	1	1	2	4	['4']	boat:ship::pants:trousers	Probe
78	0	None	None	None	1	3	9	exercise:healthy	7	0	0	0	0	0	book:magazine::exercise:healthy	CD
79	1	1	2	book:magazine	0	None	None	None	7	None	0	0	0	0	book:magazine::exercise:healthy	AB
80	0	1	2	book:magazine	0	3	9	exercise:healthy	7	0	1	1	4	['4']	book:magazine::exercise:healthy	Probe
81	0	None	None	None	1	1	2	ladder:stairs	5	1	0	0	0	0	book:magazine::ladder:stairs	CD
82	1	1	2	book:magazine	0	None	None	None	5	None	0	0	0	0	book:magazine::ladder:stairs	AB
83	0	1	2	book:magazine	0	1	2	ladder:stairs	5	1	1	2	4	['4']	book:magazine::ladder:stairs	Probe
84	0	None	None	None	1	2	5	forward:backward	8	0	0	0	0	0	breathe:live::forward:backward	CD
85	1	3	9	breathe:live	0	None	None	None	8	None	0	0	0	0	breathe:live::forward:backward	AB
86	0	3	9	breathe:live	0	2	5	forward:backward	8	0	1	1	4	['4']	breathe:live::forward:backward	Probe
87	0	None	None	None	1	2	4	good:bad	6	0	0	0	0	0	breathe:live::good:bad	CD
88	1	3	9	breathe:live	0	None	None	None	6	None	0	0	0	0	breathe:live::good:bad	AB
89	0	3	9	breathe:live	0	2	4	good:bad	6	0	1	1	4	['4']	breathe:live::good:bad	Probe
90	0	None	None	None	1	1	1	cute:adorable	7	0	0	0	0	0	bright:dark::cute:adorable	CD
91	1	2	4	bright:dark	0	None	None	None	7	None	0	0	0	0	bright:dark::cute:adorable	AB
92	0	2	4	bright:dark	0	1	1	cute:adorable	7	0	1	2	3	['3']	bright:dark::cute:adorable	Probe
93	0	None	None	None	1	2	4	fat:thin	5	1	0	0	0	0	bright:dark::fat:thin	CD
94	1	2	4	bright:dark	0	None	None	None	5	None	0	0	0	0	bright:dark::fat:thin	AB
95	0	2	4	bright:dark	0	2	4	fat:thin	5	1	1	2	4	['4']	bright:dark::fat:thin	Probe
96	0	None	None	None	1	2	6	day:evening	5	1	0	0	0	0	bright:dull::day:evening	CD
97	1	2	6	bright:dull	0	None	None	None	5	None	0	0	0	0	bright:dull::day:evening	AB
98	0	2	6	bright:dull	0	2	6	day:evening	5	1	1	2	4	['4']	bright:dull::day:evening	Probe
99	0	None	None	None	1	1	2	ladder:stairs	7	0	0	0	0	0	bright:dull::ladder:stairs	CD
100	1	2	6	bright:dull	0	None	None	None	7	None	0	0	0	0	bright:dull::ladder:stairs	AB
101	0	2	6	bright:dull	0	1	2	ladder:stairs	7	0	1	1	4	['4']	bright:dull::ladder:stairs	Probe
102	0	None	None	None	1	3	9	drink:hydrate	6	1	0	0	0	0	burnish:shine::drink:hydrate	CD
103	1	3	9	burnish:shine	0	None	None	None	6	None	0	0	0	0	burnish:shine::drink:hydrate	AB
104	0	3	9	burnish:shine	0	3	9	drink:hydrate	6	1	1	2	4	['4']	burnish:shine::drink:hydrate	Probe
105	0	None	None	None	1	3	9	trim:shorten	8	1	0	0	0	0	burnish:shine::trim:shorten	CD
106	1	3	9	burnish:shine	0	None	None	None	8	None	0	0	0	0	burnish:shine::trim:shorten	AB
107	0	3	9	burnish:shine	0	3	9	trim:shorten	8	1	1	1	3	['3']	burnish:shine::trim:shorten	Probe
108	0	None	None	None	1	2	5	rise:sink	8	0	0	0	0	0	car:auto::rise:sink	CD
109	1	1	1	car:auto	0	None	None	None	8	None	0	0	0	0	car:auto::rise:sink	AB
110	0	1	1	car:auto	0	2	5	rise:sink	8	0	1	2	3	['3']	car:auto::rise:sink	Probe
111	0	None	None	None	1	2	5	top:bottom	5	0	0	0	0	0	car:auto::top:bottom	CD
112	1	1	1	car:auto	0	None	None	None	5	None	0	0	0	0	car:auto::top:bottom	AB
113	0	1	1	car:auto	0	2	5	top:bottom	5	0	1	2	3	['3']	car:auto::top:bottom	Probe
114	0	None	None	None	1	3	7	explosion:damage	8	0	0	0	0	0	careful:cautious::explosion:damage	CD
115	1	1	1	careful:cautious	0	None	None	None	8	None	0	0	0	0	careful:cautious::explosion:damage	AB
116	0	1	1	careful:cautious	0	3	7	explosion:damage	8	0	1	2	3	['3']	careful:cautious::explosion:damage	Probe
117	0	None	None	None	1	3	7	heater:warmth	6	0	0	0	0	0	careful:cautious::heater:warmth	CD
118	1	1	1	careful:cautious	0	None	None	None	6	None	0	0	0	0	careful:cautious::heater:warmth	AB
119	0	1	1	careful:cautious	0	3	7	heater:warmth	6	0	1	2	3	['3']	careful:cautious::heater:warmth	Probe
120	0	None	None	None	1	2	5	east:west	7	0	0	0	0	0	chair:sofa::east:west	CD
121	1	1	2	chair:sofa	0	None	None	None	7	None	0	0	0	0	chair:sofa::east:west	AB
122	0	1	2	chair:sofa	0	2	5	east:west	7	0	1	2	3	['3']	chair:sofa::east:west	Probe
123	0	None	None	None	1	1	2	pencil:pen	5	1	0	0	0	0	chair:sofa::pencil:pen	CD
124	1	1	2	chair:sofa	0	None	None	None	5	None	0	0	0	0	chair:sofa::pencil:pen	AB
125	0	1	2	chair:sofa	0	1	2	pencil:pen	5	1	1	1	3	['3']	chair:sofa::pencil:pen	Probe
126	0	None	None	None	1	1	1	pretty:beautiful	5	0	0	0	0	0	climb:descend::pretty:beautiful	CD
127	1	2	5	climb:descend	0	None	None	None	5	None	0	0	0	0	climb:descend::pretty:beautiful	AB
128	0	2	5	climb:descend	0	1	1	pretty:beautiful	5	0	1	2	3	['3']	climb:descend::pretty:beautiful	Probe
129	0	None	None	None	1	3	9	work:earn	8	0	0	0	0	0	climb:descend::work:earn	CD
130	1	2	5	climb:descend	0	None	None	None	8	None	0	0	0	0	climb:descend::work:earn	AB
131	0	2	5	climb:descend	0	3	9	work:earn	8	0	1	2	3	['3']	climb:descend::work:earn	Probe
132	0	None	None	None	1	1	1	couch:sofa	6	0	0	0	0	0	coldness:shiver::couch:sofa	CD
133	1	3	8	coldness:shiver	0	None	None	None	6	None	0	0	0	0	coldness:shiver::couch:sofa	AB
134	0	3	8	coldness:shiver	0	1	1	couch:sofa	6	0	1	1	4	['4']	coldness:shiver::couch:sofa	Probe
135	0	None	None	None	1	1	2	sword:knife	7	0	0	0	0	0	coldness:shiver::sword:knife	CD
136	1	3	8	coldness:shiver	0	None	None	None	7	None	0	0	0	0	coldness:shiver::sword:knife	AB
137	0	3	8	coldness:shiver	0	1	2	sword:knife	7	0	1	1	4	['4']	coldness:shiver::sword:knife	Probe
138	0	None	None	None	1	2	6	day:evening	8	0	0	0	0	0	cook:eat::day:evening	CD
139	1	3	9	cook:eat	0	None	None	None	8	None	0	0	0	0	cook:eat::day:evening	AB
140	0	3	9	cook:eat	0	2	6	day:evening	8	0	1	1	4	['4']	cook:eat::day:evening	Probe
141	0	None	None	None	1	3	9	exercise:healthy	6	1	0	0	0	0	cook:eat::exercise:healthy	CD
142	1	3	9	cook:eat	0	None	None	None	6	None	0	0	0	0	cook:eat::exercise:healthy	AB
143	0	3	9	cook:eat	0	3	9	exercise:healthy	6	1	1	2	4	['4']	cook:eat::exercise:healthy	Probe
144	0	None	None	None	1	3	7	exercise:fitness	4	0	0	0	0	0	couch:sofa::exercise:fitness	CD
145	1	1	1	couch:sofa	0	None	None	None	4	None	0	0	0	0	couch:sofa::exercise:fitness	AB
146	0	1	1	couch:sofa	0	3	7	exercise:fitness	4	0	1	1	4	['3']	couch:sofa::exercise:fitness	Probe
147	0	None	None	None	1	1	1	kid:child	2	1	0	0	0	0	couch:sofa::kid:child	CD
148	1	1	1	couch:sofa	0	None	None	None	2	None	0	0	0	0	couch:sofa::kid:child	AB
149	0	1	1	couch:sofa	0	1	1	kid:child	2	1	1	2	4	['4']	couch:sofa::kid:child	Probe
150	0	None	None	None	1	3	9	burnish:shine	1	0	0	0	0	0	cute:adorable::burnish:shine	CD
151	1	1	1	cute:adorable	0	None	None	None	1	None	0	0	0	0	cute:adorable::burnish:shine	AB
152	0	1	1	cute:adorable	0	3	9	burnish:shine	1	0	1	2	3	['4']	cute:adorable::burnish:shine	Probe
153	0	None	None	None	1	1	1	raise:elevate	4	1	0	0	0	0	cute:adorable::raise:elevate	CD
154	1	1	1	cute:adorable	0	None	None	None	4	None	0	0	0	0	cute:adorable::raise:elevate	AB
155	0	1	1	cute:adorable	0	1	1	raise:elevate	4	1	1	1	3	['3']	cute:adorable::raise:elevate	Probe
156	0	None	None	None	1	1	3	force:pressure	5	0	0	0	0	0	danger:flee::force:pressure	CD
157	1	3	8	danger:flee	0	None	None	None	5	None	0	0	0	0	danger:flee::force:pressure	AB
158	0	3	8	danger:flee	0	1	3	force:pressure	5	0	1	1	4	['4']	danger:flee::force:pressure	Probe
159	0	None	None	None	1	2	5	in:out	8	0	0	0	0	0	danger:flee::in:out	CD
160	1	3	8	danger:flee	0	None	None	None	8	None	0	0	0	0	danger:flee::in:out	AB
161	0	3	8	danger:flee	0	2	5	in:out	8	0	1	2	3	['3']	danger:flee::in:out	Probe
162	0	None	None	None	1	2	4	big:small	5	1	0	0	0	0	dark:light::big:small	CD
163	1	2	4	dark:light	0	None	None	None	5	None	0	0	0	0	dark:light::big:small	AB
164	0	2	4	dark:light	0	2	4	big:small	5	1	1	2	4	['4']	dark:light::big:small	Probe
165	0	None	None	None	1	1	2	hill:mountain	7	0	0	0	0	0	dark:light::hill:mountain	CD
166	1	2	4	dark:light	0	None	None	None	7	None	0	0	0	0	dark:light::hill:mountain	AB
167	0	2	4	dark:light	0	1	2	hill:mountain	7	0	1	1	4	['4']	dark:light::hill:mountain	Probe
168	0	None	None	None	1	1	3	soften:voice	1	1	0	0	0	0	darken:color::soften:voice	CD
169	1	1	3	darken:color	0	None	None	None	1	None	0	0	0	0	darken:color::soften:voice	AB
170	0	1	3	darken:color	0	1	3	soften:voice	1	1	1	2	4	['4']	darken:color::soften:voice	Probe
171	0	None	None	None	1	1	3	terror:fear	4	1	0	0	0	0	darken:color::terror:fear	CD
172	1	1	3	darken:color	0	None	None	None	4	None	0	0	0	0	darken:color::terror:fear	AB
173	0	1	3	darken:color	0	1	3	terror:fear	4	1	1	1	3	['4']	darken:color::terror:fear	Probe
174	0	None	None	None	1	3	8	happiness:smile	3	0	0	0	0	0	day:evening::happiness:smile	CD
175	1	2	6	day:evening	0	None	None	None	3	None	0	0	0	0	day:evening::happiness:smile	AB
176	0	2	6	day:evening	0	3	8	happiness:smile	3	0	1	1	4	['4']	day:evening::happiness:smile	Probe
177	0	None	None	None	1	3	9	speak:express	1	0	0	0	0	0	day:evening::speak:express	CD
178	1	2	6	day:evening	0	None	None	None	1	None	0	0	0	0	day:evening::speak:express	AB
179	0	2	6	day:evening	0	3	9	speak:express	1	0	1	1	4	['4']	day:evening::speak:express	Probe
180	0	None	None	None	1	1	3	flood:water	3	1	0	0	0	0	death:population::flood:water	CD
181	1	1	3	death:population	0	None	None	None	3	None	0	0	0	0	death:population::flood:water	AB
182	0	1	3	death:population	0	1	3	flood:water	3	1	1	1	3	None	death:population::flood:water	Probe
183	0	None	None	None	1	2	5	start:finish	2	0	0	0	0	0	death:population::start:finish	CD
184	1	1	3	death:population	0	None	None	None	2	None	0	0	0	0	death:population::start:finish	AB
185	0	1	3	death:population	0	2	5	start:finish	2	0	1	1	4	['4']	death:population::start:finish	Probe
186	0	None	None	None	1	1	3	inflation:price	8	0	0	0	0	0	difficult:easy::inflation:price	CD
187	1	2	4	difficult:easy	0	None	None	None	8	None	0	0	0	0	difficult:easy::inflation:price	AB
188	0	2	4	difficult:easy	0	1	3	inflation:price	8	0	1	2	3	['3']	difficult:easy::inflation:price	Probe
189	0	None	None	None	1	2	4	warm:cool	6	1	0	0	0	0	difficult:easy::warm:cool	CD
190	1	2	4	difficult:easy	0	None	None	None	6	None	0	0	0	0	difficult:easy::warm:cool	AB
191	0	2	4	difficult:easy	0	2	4	warm:cool	6	1	1	1	3	['3']	difficult:easy::warm:cool	Probe
192	0	None	None	None	1	3	8	coldness:shiver	3	0	0	0	0	0	dim:light::coldness:shiver	CD
193	1	1	3	dim:light	0	None	None	None	3	None	0	0	0	0	dim:light::coldness:shiver	AB
194	0	1	3	dim:light	0	3	8	coldness:shiver	3	0	1	1	4	['4']	dim:light::coldness:shiver	Probe
195	0	None	None	None	1	3	7	joke:laughter	1	0	0	0	0	0	dim:light::joke:laughter	CD
196	1	1	3	dim:light	0	None	None	None	1	None	0	0	0	0	dim:light::joke:laughter	AB
197	0	1	3	dim:light	0	3	7	joke:laughter	1	0	1	2	3	['3']	dim:light::joke:laughter	Probe
198	0	None	None	None	1	2	5	front:back	1	0	0	0	0	0	dirtiness:bathe::front:back	CD
199	1	3	8	dirtiness:bathe	0	None	None	None	1	None	0	0	0	0	dirtiness:bathe::front:back	AB
200	0	3	8	dirtiness:bathe	0	2	5	front:back	1	0	1	1	4	['4']	dirtiness:bathe::front:back	Probe
201	0	None	None	None	1	3	8	hunger:eat	4	1	0	0	0	0	dirtiness:bathe::hunger:eat	CD
202	1	3	8	dirtiness:bathe	0	None	None	None	4	None	0	0	0	0	dirtiness:bathe::hunger:eat	AB
203	0	3	8	dirtiness:bathe	0	3	8	hunger:eat	4	1	1	1	3	['3']	dirtiness:bathe::hunger:eat	Probe
204	0	None	None	None	1	3	8	thirst:drink	7	1	0	0	0	0	dirty:bathe::thirst:drink	CD
205	1	3	8	dirty:bathe	0	None	None	None	7	None	0	0	0	0	dirty:bathe::thirst:drink	AB
206	0	3	8	dirty:bathe	0	3	8	thirst:drink	7	1	1	2	4	['3']	dirty:bathe::thirst:drink	Probe
207	0	None	None	None	1	3	8	thirsty:drink	5	1	0	0	0	0	dirty:bathe::thirsty:drink	CD
208	1	3	8	dirty:bathe	0	None	None	None	5	None	0	0	0	0	dirty:bathe::thirsty:drink	AB
209	0	3	8	dirty:bathe	0	3	8	thirsty:drink	5	1	1	1	3	['3']	dirty:bathe::thirsty:drink	Probe
210	0	None	None	None	1	1	3	darken:color	6	0	0	0	0	0	dirty:clean::darken:color	CD
211	1	2	4	dirty:clean	0	None	None	None	6	None	0	0	0	0	dirty:clean::darken:color	AB
212	0	2	4	dirty:clean	0	1	3	darken:color	6	0	1	2	3	['3']	dirty:clean::darken:color	Probe
213	0	None	None	None	1	3	8	thirsty:drink	8	0	0	0	0	0	dirty:clean::thirsty:drink	CD
214	1	2	4	dirty:clean	0	None	None	None	8	None	0	0	0	0	dirty:clean::thirsty:drink	AB
215	0	2	4	dirty:clean	0	3	8	thirsty:drink	8	0	1	1	4	['4']	dirty:clean::thirsty:drink	Probe
216	0	None	None	None	1	3	9	cook:eat	4	0	0	0	0	0	discount:price::cook:eat	CD
217	1	1	3	discount:price	0	None	None	None	4	None	0	0	0	0	discount:price::cook:eat	AB
218	0	1	3	discount:price	0	3	9	cook:eat	4	0	1	1	4	['4']	discount:price::cook:eat	Probe
219	0	None	None	None	1	1	3	heat:temperature	1	1	0	0	0	0	discount:price::heat:temperature	CD
220	1	1	3	discount:price	0	None	None	None	1	None	0	0	0	0	discount:price::heat:temperature	AB
221	0	1	3	discount:price	0	1	3	heat:temperature	1	1	1	2	4	['3']	discount:price::heat:temperature	Probe
222	0	None	None	None	1	1	3	flood:water	1	0	0	0	0	0	disease:sickness::flood:water	CD
223	1	3	7	disease:sickness	0	None	None	None	1	None	0	0	0	0	disease:sickness::flood:water	AB
224	0	3	7	disease:sickness	0	1	3	flood:water	1	0	1	1	4	['3']	disease:sickness::flood:water	Probe
225	0	None	None	None	1	3	7	injury:pain	3	1	0	0	0	0	disease:sickness::injury:pain	CD
226	1	3	7	disease:sickness	0	None	None	None	3	None	0	0	0	0	disease:sickness::injury:pain	AB
227	0	3	7	disease:sickness	0	3	7	injury:pain	3	1	1	1	3	['3']	disease:sickness::injury:pain	Probe
228	0	None	None	None	1	3	9	bathe:clean	4	1	0	0	0	0	drink:hydrate::bathe:clean	CD
229	1	3	9	drink:hydrate	0	None	None	None	4	None	0	0	0	0	drink:hydrate::bathe:clean	AB
230	0	3	9	drink:hydrate	0	3	9	bathe:clean	4	1	1	1	3	['4']	drink:hydrate::bathe:clean	Probe
231	0	None	None	None	1	1	1	house:home	1	0	0	0	0	0	drink:hydrate::house:home	CD
232	1	3	9	drink:hydrate	0	None	None	None	1	None	0	0	0	0	drink:hydrate::house:home	AB
233	0	3	9	drink:hydrate	0	1	1	house:home	1	0	1	2	3	['3']	drink:hydrate::house:home	Probe
234	0	None	None	None	1	1	1	car:auto	1	0	0	0	0	0	east:west::car:auto	CD
235	1	2	5	east:west	0	None	None	None	1	None	0	0	0	0	east:west::car:auto	AB
236	0	2	5	east:west	0	1	1	car:auto	1	0	1	2	3	['3']	east:west::car:auto	Probe
237	0	None	None	None	1	2	5	front:back	3	1	0	0	0	0	east:west::front:back	CD
238	1	2	5	east:west	0	None	None	None	3	None	0	0	0	0	east:west::front:back	AB
239	0	2	5	east:west	0	2	5	front:back	3	1	1	2	4	['4']	east:west::front:back	Probe
240	0	None	None	None	1	2	6	bright:dull	4	1	0	0	0	0	enthusiastic:lazy::bright:dull	CD
241	1	2	6	enthusiastic:lazy	0	None	None	None	4	None	0	0	0	0	enthusiastic:lazy::bright:dull	AB
242	0	2	6	enthusiastic:lazy	0	2	6	bright:dull	4	1	1	2	4	['4']	enthusiastic:lazy::bright:dull	Probe
243	0	None	None	None	1	2	6	witty:dumb	1	1	0	0	0	0	enthusiastic:lazy::witty:dumb	CD
244	1	2	6	enthusiastic:lazy	0	None	None	None	1	None	0	0	0	0	enthusiastic:lazy::witty:dumb	AB
245	0	2	6	enthusiastic:lazy	0	2	6	witty:dumb	1	1	1	2	4	['4']	enthusiastic:lazy::witty:dumb	Probe
246	0	None	None	None	1	1	2	pillow:cushion	5	0	0	0	0	0	exercise:fitness::pillow:cushion	CD
247	1	3	7	exercise:fitness	0	None	None	None	5	None	0	0	0	0	exercise:fitness::pillow:cushion	AB
248	0	3	7	exercise:fitness	0	1	2	pillow:cushion	5	0	1	2	3	['3']	exercise:fitness::pillow:cushion	Probe
249	0	None	None	None	1	3	7	repetition:boredom	8	1	0	0	0	0	exercise:fitness::repetition:boredom	CD
250	1	3	7	exercise:fitness	0	None	None	None	8	None	0	0	0	0	exercise:fitness::repetition:boredom	AB
251	0	3	7	exercise:fitness	0	3	7	repetition:boredom	8	1	1	1	3	['3']	exercise:fitness::repetition:boredom	Probe
252	0	None	None	None	1	3	9	breathe:live	2	1	0	0	0	0	exercise:healthy::breathe:live	CD
253	1	3	9	exercise:healthy	0	None	None	None	2	None	0	0	0	0	exercise:healthy::breathe:live	AB
254	0	3	9	exercise:healthy	0	3	9	breathe:live	2	1	1	1	3	['3']	exercise:healthy::breathe:live	Probe
255	0	None	None	None	1	3	9	burnish:shine	3	1	0	0	0	0	exercise:healthy::burnish:shine	CD
256	1	3	9	exercise:healthy	0	None	None	None	3	None	0	0	0	0	exercise:healthy::burnish:shine	AB
257	0	3	9	exercise:healthy	0	3	9	burnish:shine	3	1	1	2	4	['3']	exercise:healthy::burnish:shine	Probe
258	0	None	None	None	1	1	2	book:magazine	4	0	0	0	0	0	explosion:damage::book:magazine	CD
259	1	3	7	explosion:damage	0	None	None	None	4	None	0	0	0	0	explosion:damage::book:magazine	AB
260	0	3	7	explosion:damage	0	1	2	book:magazine	4	0	1	1	4	['4']	explosion:damage::book:magazine	Probe
261	0	None	None	None	1	2	6	fun:boring	2	0	0	0	0	0	explosion:damage::fun:boring	CD
262	1	3	7	explosion:damage	0	None	None	None	2	None	0	0	0	0	explosion:damage::fun:boring	AB
263	0	3	7	explosion:damage	0	2	6	fun:boring	2	0	1	2	3	['3']	explosion:damage::fun:boring	Probe
264	0	None	None	None	1	2	4	bright:dark	3	1	0	0	0	0	fast:slow::bright:dark	CD
265	1	2	4	fast:slow	0	None	None	None	3	None	0	0	0	0	fast:slow::bright:dark	AB
266	0	2	4	fast:slow	0	2	4	bright:dark	3	1	1	1	3	['3']	fast:slow::bright:dark	Probe
267	0	None	None	None	1	3	8	heat:sweat	2	0	0	0	0	0	fast:slow::heat:sweat	CD
268	1	2	4	fast:slow	0	None	None	None	2	None	0	0	0	0	fast:slow::heat:sweat	AB
269	0	2	4	fast:slow	0	3	8	heat:sweat	2	0	1	2	3	['3']	fast:slow::heat:sweat	Probe
270	0	None	None	None	1	3	8	dirty:bathe	2	0	0	0	0	0	fat:thin::dirty:bathe	CD
271	1	2	4	fat:thin	0	None	None	None	2	None	0	0	0	0	fat:thin::dirty:bathe	AB
272	0	2	4	fat:thin	0	3	8	dirty:bathe	2	0	1	2	3	['3']	fat:thin::dirty:bathe	Probe
273	0	None	None	None	1	1	1	kid:child	4	0	0	0	0	0	fat:thin::kid:child	CD
274	1	2	4	fat:thin	0	None	None	None	4	None	0	0	0	0	fat:thin::kid:child	AB
275	0	2	4	fat:thin	0	1	1	kid:child	4	0	1	1	4	['4']	fat:thin::kid:child	Probe
276	0	None	None	None	1	1	2	hill:mountain	6	1	0	0	0	0	fence:hedge::hill:mountain	CD
277	1	1	2	fence:hedge	0	None	None	None	6	None	0	0	0	0	fence:hedge::hill:mountain	AB
278	0	1	2	fence:hedge	0	1	2	hill:mountain	6	1	1	1	3	['3']	fence:hedge::hill:mountain	Probe
279	0	None	None	None	1	1	2	paper:parchment	7	1	0	0	0	0	fence:hedge::paper:parchment	CD
280	1	1	2	fence:hedge	0	None	None	None	7	None	0	0	0	0	fence:hedge::paper:parchment	AB
281	0	1	2	fence:hedge	0	1	2	paper:parchment	7	1	1	2	4	['4']	fence:hedge::paper:parchment	Probe
282	0	None	None	None	1	1	3	dim:light	6	0	0	0	0	0	fire:burns::dim:light	CD
283	1	3	7	fire:burns	0	None	None	None	6	None	0	0	0	0	fire:burns::dim:light	AB
284	0	3	7	fire:burns	0	1	3	dim:light	6	0	1	2	3	['3']	fire:burns::dim:light	Probe
285	0	None	None	None	1	3	7	heater:warmth	8	1	0	0	0	0	fire:burns::heater:warmth	CD
286	1	3	7	fire:burns	0	None	None	None	8	None	0	0	0	0	fire:burns::heater:warmth	AB
287	0	3	7	fire:burns	0	3	7	heater:warmth	8	1	1	2	4	['3']	fire:burns::heater:warmth	Probe
288	0	None	None	None	1	3	9	read:learn	2	1	0	0	0	0	flee:escape::read:learn	CD
289	1	3	9	flee:escape	0	None	None	None	2	None	0	0	0	0	flee:escape::read:learn	AB
290	0	3	9	flee:escape	0	3	9	read:learn	2	1	1	1	3	['4']	flee:escape::read:learn	Probe
291	0	None	None	None	1	1	3	soften:voice	4	0	0	0	0	0	flee:escape::soften:voice	CD
292	1	3	9	flee:escape	0	None	None	None	4	None	0	0	0	0	flee:escape::soften:voice	AB
293	0	3	9	flee:escape	0	1	3	soften:voice	4	0	1	2	3	['3']	flee:escape::soften:voice	Probe
294	0	None	None	None	1	1	3	death:population	6	1	0	0	0	0	flood:water::death:population	CD
295	1	1	3	flood:water	0	None	None	None	6	None	0	0	0	0	flood:water::death:population	AB
296	0	1	3	flood:water	0	1	3	death:population	6	1	1	2	4	['3']	flood:water::death:population	Probe
297	0	None	None	None	1	3	8	sadness:cry	7	0	0	0	0	0	flood:water::sadness:cry	CD
298	1	1	3	flood:water	0	None	None	None	7	None	0	0	0	0	flood:water::sadness:cry	AB
299	0	1	3	flood:water	0	3	8	sadness:cry	7	0	1	1	4	['4']	flood:water::sadness:cry	Probe
300	0	None	None	None	1	1	3	acceleration:speed	2	1	0	0	0	0	force:pressure::acceleration:speed	CD
301	1	1	3	force:pressure	0	None	None	None	2	None	0	0	0	0	force:pressure::acceleration:speed	AB
302	0	1	3	force:pressure	0	1	3	acceleration:speed	2	1	1	1	3	['3']	force:pressure::acceleration:speed	Probe
303	0	None	None	None	1	1	3	speed:movement	3	1	0	0	0	0	force:pressure::speed:movement	CD
304	1	1	3	force:pressure	0	None	None	None	3	None	0	0	0	0	force:pressure::speed:movement	AB
305	0	1	3	force:pressure	0	1	3	speed:movement	3	1	1	1	3	['4']	force:pressure::speed:movement	Probe
306	0	None	None	None	1	2	5	climb:descend	4	1	0	0	0	0	forward:backward::climb:descend	CD
307	1	2	5	forward:backward	0	None	None	None	4	None	0	0	0	0	forward:backward::climb:descend	AB
308	0	2	5	forward:backward	0	2	5	climb:descend	4	1	1	2	4	['4']	forward:backward::climb:descend	Probe
309	0	None	None	None	1	2	5	north:south	2	1	0	0	0	0	forward:backward::north:south	CD
310	1	2	5	forward:backward	0	None	None	None	2	None	0	0	0	0	forward:backward::north:south	AB
311	0	2	5	forward:backward	0	2	5	north:south	2	1	1	2	4	['4']	forward:backward::north:south	Probe
312	0	None	None	None	1	3	8	heat:sweat	3	1	0	0	0	0	fright:scream::heat:sweat	CD
313	1	3	8	fright:scream	0	None	None	None	3	None	0	0	0	0	fright:scream::heat:sweat	AB
314	0	3	8	fright:scream	0	3	8	heat:sweat	3	1	1	1	3	['3']	fright:scream::heat:sweat	Probe
315	0	None	None	None	1	3	8	loneliness:socialize	2	1	0	0	0	0	fright:scream::loneliness:socialize	CD
316	1	3	8	fright:scream	0	None	None	None	2	None	0	0	0	0	fright:scream::loneliness:socialize	AB
317	0	3	8	fright:scream	0	3	8	loneliness:socialize	2	1	1	1	3	['4']	fright:scream::loneliness:socialize	Probe
318	0	None	None	None	1	2	5	interior:exterior	8	1	0	0	0	0	front:back::interior:exterior	CD
319	1	2	5	front:back	0	None	None	None	8	None	0	0	0	0	front:back::interior:exterior	AB
320	0	2	5	front:back	0	2	5	interior:exterior	8	1	1	1	3	['3']	front:back::interior:exterior	Probe
321	0	None	None	None	1	1	2	wagon:trailer	6	0	0	0	0	0	front:back::wagon:trailer	CD
322	1	2	5	front:back	0	None	None	None	6	None	0	0	0	0	front:back::wagon:trailer	AB
323	0	2	5	front:back	0	1	2	wagon:trailer	6	0	1	1	4	['4']	front:back::wagon:trailer	Probe
324	0	None	None	None	1	2	6	powerful:meek	7	1	0	0	0	0	fun:boring::powerful:meek	CD
325	1	2	6	fun:boring	0	None	None	None	7	None	0	0	0	0	fun:boring::powerful:meek	AB
326	0	2	6	fun:boring	0	2	6	powerful:meek	7	1	1	2	4	['4']	fun:boring::powerful:meek	Probe
327	0	None	None	None	1	2	6	smiling:sad	5	1	0	0	0	0	fun:boring::smiling:sad	CD
328	1	2	6	fun:boring	0	None	None	None	5	None	0	0	0	0	fun:boring::smiling:sad	AB
329	0	2	6	fun:boring	0	2	6	smiling:sad	5	1	1	2	4	['3']	fun:boring::smiling:sad	Probe
330	0	None	None	None	1	3	8	fright:scream	8	0	0	0	0	0	funny:serious::fright:scream	CD
331	1	2	6	funny:serious	0	None	None	None	8	None	0	0	0	0	funny:serious::fright:scream	AB
332	0	2	6	funny:serious	0	3	8	fright:scream	8	0	1	1	4	['4']	funny:serious::fright:scream	Probe
333	0	None	None	None	1	3	9	wash:clean	6	0	0	0	0	0	funny:serious::wash:clean	CD
334	1	2	6	funny:serious	0	None	None	None	6	None	0	0	0	0	funny:serious::wash:clean	AB
335	0	2	6	funny:serious	0	3	9	wash:clean	6	0	1	1	4	['4']	funny:serious::wash:clean	Probe
336	0	None	None	None	1	1	3	acceleration:speed	4	0	0	0	0	0	germs:sickness::acceleration:speed	CD
337	1	3	7	germs:sickness	0	None	None	None	4	None	0	0	0	0	germs:sickness::acceleration:speed	AB
338	0	3	7	germs:sickness	0	1	3	acceleration:speed	4	0	1	2	3	['4']	germs:sickness::acceleration:speed	Probe
339	0	None	None	None	1	3	7	illness:discomfort	2	1	0	0	0	0	germs:sickness::illness:discomfort	CD
340	1	3	7	germs:sickness	0	None	None	None	2	None	0	0	0	0	germs:sickness::illness:discomfort	AB
341	0	3	7	germs:sickness	0	3	7	illness:discomfort	2	1	1	2	4	['4']	germs:sickness::illness:discomfort	Probe
342	0	None	None	None	1	1	3	shorten:distance	4	0	0	0	0	0	good:bad::shorten:distance	CD
343	1	2	4	good:bad	0	None	None	None	4	None	0	0	0	0	good:bad::shorten:distance	AB
344	0	2	4	good:bad	0	1	3	shorten:distance	4	0	1	2	3	['3']	good:bad::shorten:distance	Probe
345	0	None	None	None	1	2	4	tall:short	1	1	0	0	0	0	good:bad::tall:short	CD
346	1	2	4	good:bad	0	None	None	None	1	None	0	0	0	0	good:bad::tall:short	AB
347	0	2	4	good:bad	0	2	4	tall:short	1	1	1	2	4	['4']	good:bad::tall:short	Probe
348	0	None	None	None	1	2	6	loud:discreet	8	1	0	0	0	0	good:wrong::loud:discreet	CD
349	1	2	6	good:wrong	0	None	None	None	8	None	0	0	0	0	good:wrong::loud:discreet	AB
350	0	2	6	good:wrong	0	2	6	loud:discreet	8	1	1	2	4	['3']	good:wrong::loud:discreet	Probe
351	0	None	None	None	1	3	8	nervousness:sweat	5	0	0	0	0	0	good:wrong::nervousness:sweat	CD
352	1	2	6	good:wrong	0	None	None	None	5	None	0	0	0	0	good:wrong::nervousness:sweat	AB
353	0	2	6	good:wrong	0	3	8	nervousness:sweat	5	0	1	2	3	['3']	good:wrong::nervousness:sweat	Probe
354	0	None	None	None	1	2	4	accept:reject	7	0	0	0	0	0	happiness:smile::accept:reject	CD
355	1	3	8	happiness:smile	0	None	None	None	7	None	0	0	0	0	happiness:smile::accept:reject	AB
356	0	3	8	happiness:smile	0	2	4	accept:reject	7	0	1	2	3	['3']	happiness:smile::accept:reject	Probe
357	0	None	None	None	1	3	8	sadness:cry	6	1	0	0	0	0	happiness:smile::sadness:cry	CD
358	1	3	8	happiness:smile	0	None	None	None	6	None	0	0	0	0	happiness:smile::sadness:cry	AB
359	0	3	8	happiness:smile	0	3	8	sadness:cry	6	1	1	2	4	['4']	happiness:smile::sadness:cry	Probe
360	0	None	None	None	1	1	1	boat:ship	5	0	0	0	0	0	heat:sweat::boat:ship	CD
361	1	3	8	heat:sweat	0	None	None	None	5	None	0	0	0	0	heat:sweat::boat:ship	AB
362	0	3	8	heat:sweat	0	1	1	boat:ship	5	0	1	2	3	['3']	heat:sweat::boat:ship	Probe
363	0	None	None	None	1	3	8	sickness:medicate	8	1	0	0	0	0	heat:sweat::sickness:medicate	CD
364	1	3	8	heat:sweat	0	None	None	None	8	None	0	0	0	0	heat:sweat::sickness:medicate	AB
365	0	3	8	heat:sweat	0	3	8	sickness:medicate	8	1	1	1	3	['4']	heat:sweat::sickness:medicate	Probe
366	0	None	None	None	1	3	9	ignite:burn	8	0	0	0	0	0	heat:temperature::ignite:burn	CD
367	1	1	3	heat:temperature	0	None	None	None	8	None	0	0	0	0	heat:temperature::ignite:burn	AB
368	0	1	3	heat:temperature	0	3	9	ignite:burn	8	0	1	2	3	['3']	heat:temperature::ignite:burn	Probe
369	0	None	None	None	1	2	6	loud:discreet	5	0	0	0	0	0	heat:temperature::loud:discreet	CD
370	1	1	3	heat:temperature	0	None	None	None	5	None	0	0	0	0	heat:temperature::loud:discreet	AB
371	0	1	3	heat:temperature	0	2	6	loud:discreet	5	0	1	1	4	['4']	heat:temperature::loud:discreet	Probe
372	0	None	None	None	1	3	7	bath:cleanliness	4	1	0	0	0	0	heater:warmth::bath:cleanliness	CD
373	1	3	7	heater:warmth	0	None	None	None	4	None	0	0	0	0	heater:warmth::bath:cleanliness	AB
374	0	3	7	heater:warmth	0	3	7	bath:cleanliness	4	1	1	2	4	['4']	heater:warmth::bath:cleanliness	Probe
375	0	None	None	None	1	2	5	climb:descend	1	0	0	0	0	0	heater:warmth::climb:descend	CD
376	1	3	7	heater:warmth	0	None	None	None	1	None	0	0	0	0	heater:warmth::climb:descend	AB
377	0	3	7	heater:warmth	0	2	5	climb:descend	1	0	1	1	4	['4']	heater:warmth::climb:descend	Probe
378	0	None	None	None	1	1	3	discount:price	5	0	0	0	0	0	high:down::discount:price	CD
379	1	2	6	high:down	0	None	None	None	5	None	0	0	0	0	high:down::discount:price	AB
380	0	2	6	high:down	0	1	3	discount:price	5	0	1	1	4	['4']	high:down::discount:price	Probe
381	0	None	None	None	1	1	1	option:choice	8	0	0	0	0	0	high:down::option:choice	CD
382	1	2	6	high:down	0	None	None	None	8	None	0	0	0	0	high:down::option:choice	AB
383	0	2	6	high:down	0	1	1	option:choice	8	0	1	1	4	['4']	high:down::option:choice	Probe
384	0	None	None	None	1	2	5	rise:sink	6	1	0	0	0	0	high:low::rise:sink	CD
385	1	2	5	high:low	0	None	None	None	6	None	0	0	0	0	high:low::rise:sink	AB
386	0	2	5	high:low	0	2	5	rise:sink	6	1	1	2	4	['4']	high:low::rise:sink	Probe
387	0	None	None	None	1	2	5	up:down	7	1	0	0	0	0	high:low::up:down	CD
388	1	2	5	high:low	0	None	None	None	7	None	0	0	0	0	high:low::up:down	AB
389	0	2	5	high:low	0	2	5	up:down	7	1	1	1	3	['3']	high:low::up:down	Probe
390	0	None	None	None	1	3	8	anger:yell	3	0	0	0	0	0	hill:mountain::anger:yell	CD
391	1	1	2	hill:mountain	0	None	None	None	3	None	0	0	0	0	hill:mountain::anger:yell	AB
392	0	1	2	hill:mountain	0	3	8	anger:yell	3	0	1	2	3	['3']	hill:mountain::anger:yell	Probe
393	0	None	None	None	1	3	8	danger:flee	1	0	0	0	0	0	hill:mountain::danger:flee	CD
394	1	1	2	hill:mountain	0	None	None	None	1	None	0	0	0	0	hill:mountain::danger:flee	AB
395	0	1	2	hill:mountain	0	3	8	danger:flee	1	0	1	2	3	['3']	hill:mountain::danger:flee	Probe
396	0	None	None	None	1	2	4	accept:reject	6	1	0	0	0	0	hot:cold::accept:reject	CD
397	1	2	4	hot:cold	0	None	None	None	6	None	0	0	0	0	hot:cold::accept:reject	AB
398	0	2	4	hot:cold	0	2	4	accept:reject	6	1	1	1	3	['3']	hot:cold::accept:reject	Probe
399	0	None	None	None	1	2	4	old:young	8	1	0	0	0	0	hot:cold::old:young	CD
400	1	2	4	hot:cold	0	None	None	None	8	None	0	0	0	0	hot:cold::old:young	AB
401	0	2	4	hot:cold	0	2	4	old:young	8	1	1	2	4	['4']	hot:cold::old:young	Probe
402	0	None	None	None	1	1	1	boat:ship	7	1	0	0	0	0	house:home::boat:ship	CD
403	1	1	1	house:home	0	None	None	None	7	None	0	0	0	0	house:home::boat:ship	AB
404	0	1	1	house:home	0	1	1	boat:ship	7	1	1	2	4	['4']	house:home::boat:ship	Probe
405	0	None	None	None	1	1	1	run:sprint	6	1	0	0	0	0	house:home::run:sprint	CD
406	1	1	1	house:home	0	None	None	None	6	None	0	0	0	0	house:home::run:sprint	AB
407	0	1	1	house:home	0	1	1	run:sprint	6	1	1	1	3	['3']	house:home::run:sprint	Probe
408	0	None	None	None	1	1	2	book:magazine	2	1	0	0	0	0	house:tent::book:magazine	CD
409	1	1	2	house:tent	0	None	None	None	2	None	0	0	0	0	house:tent::book:magazine	AB
410	0	1	2	house:tent	0	1	2	book:magazine	2	1	1	1	3	['3']	house:tent::book:magazine	Probe
411	0	None	None	None	1	2	4	tall:short	4	0	0	0	0	0	house:tent::tall:short	CD
412	1	1	2	house:tent	0	None	None	None	4	None	0	0	0	0	house:tent::tall:short	AB
413	0	1	2	house:tent	0	2	4	tall:short	4	0	1	2	3	['3']	house:tent::tall:short	Probe
414	0	None	None	None	1	3	8	dirtiness:bathe	7	1	0	0	0	0	hunger:eat::dirtiness:bathe	CD
415	1	3	8	hunger:eat	0	None	None	None	7	None	0	0	0	0	hunger:eat::dirtiness:bathe	AB
416	0	3	8	hunger:eat	0	3	8	dirtiness:bathe	7	1	1	1	3	['3']	hunger:eat::dirtiness:bathe	Probe
417	0	None	None	None	1	3	8	tiredness:rest	6	1	0	0	0	0	hunger:eat::tiredness:rest	CD
418	1	3	8	hunger:eat	0	None	None	None	6	None	0	0	0	0	hunger:eat::tiredness:rest	AB
419	0	3	8	hunger:eat	0	3	8	tiredness:rest	6	1	1	2	4	['4']	hunger:eat::tiredness:rest	Probe
420	0	None	None	None	1	2	6	majority:small	3	0	0	0	0	0	ignite:burn::majority:small	CD
421	1	3	9	ignite:burn	0	None	None	None	3	None	0	0	0	0	ignite:burn::majority:small	AB
422	0	3	9	ignite:burn	0	2	6	majority:small	3	0	1	2	3	['3']	ignite:burn::majority:small	Probe
423	0	None	None	None	1	1	3	speed:movement	2	0	0	0	0	0	ignite:burn::speed:movement	CD
424	1	3	9	ignite:burn	0	None	None	None	2	None	0	0	0	0	ignite:burn::speed:movement	AB
425	0	3	9	ignite:burn	0	1	3	speed:movement	2	0	1	1	4	['3']	ignite:burn::speed:movement	Probe
426	0	None	None	None	1	3	7	explosion:damage	5	1	0	0	0	0	illness:discomfort::explosion:damage	CD
427	1	3	7	illness:discomfort	0	None	None	None	5	None	0	0	0	0	illness:discomfort::explosion:damage	AB
428	0	3	7	illness:discomfort	0	3	7	explosion:damage	5	1	1	1	3	['3']	illness:discomfort::explosion:damage	Probe
429	0	None	None	None	1	3	7	stimulus:response	7	1	0	0	0	0	illness:discomfort::stimulus:response	CD
430	1	3	7	illness:discomfort	0	None	None	None	7	None	0	0	0	0	illness:discomfort::stimulus:response	AB
431	0	3	7	illness:discomfort	0	3	7	stimulus:response	7	1	1	1	3	['3']	illness:discomfort::stimulus:response	Probe
432	0	None	None	None	1	2	5	left:right	1	1	0	0	0	0	in:out::left:right	CD
433	1	2	5	in:out	0	None	None	None	1	None	0	0	0	0	in:out::left:right	AB
434	0	2	5	in:out	0	2	5	left:right	1	1	1	2	4	['4']	in:out::left:right	Probe
435	0	None	None	None	1	3	8	loneliness:socialize	3	0	0	0	0	0	in:out::loneliness:socialize	CD
436	1	2	5	in:out	0	None	None	None	3	None	0	0	0	0	in:out::loneliness:socialize	AB
437	0	2	5	in:out	0	3	8	loneliness:socialize	3	0	1	1	4	['3']	in:out::loneliness:socialize	Probe
438	0	None	None	None	1	3	8	hunger:eat	2	0	0	0	0	0	inflation:price::hunger:eat	CD
439	1	1	3	inflation:price	0	None	None	None	2	None	0	0	0	0	inflation:price::hunger:eat	AB
440	0	1	3	inflation:price	0	3	8	hunger:eat	2	0	1	1	4	['4']	inflation:price::hunger:eat	Probe
441	0	None	None	None	1	2	6	witty:dumb	4	0	0	0	0	0	inflation:price::witty:dumb	CD
442	1	1	3	inflation:price	0	None	None	None	4	None	0	0	0	0	inflation:price::witty:dumb	AB
443	0	1	3	inflation:price	0	2	6	witty:dumb	4	0	1	2	3	['3']	inflation:price::witty:dumb	Probe
444	0	None	None	None	1	1	3	death:population	8	0	0	0	0	0	injury:pain::death:population	CD
445	1	3	7	injury:pain	0	None	None	None	8	None	0	0	0	0	injury:pain::death:population	AB
446	0	3	7	injury:pain	0	1	3	death:population	8	0	1	2	3	['3']	injury:pain::death:population	Probe
447	0	None	None	None	1	3	7	loss:grief	6	1	0	0	0	0	injury:pain::loss:grief	CD
448	1	3	7	injury:pain	0	None	None	None	6	None	0	0	0	0	injury:pain::loss:grief	AB
449	0	3	7	injury:pain	0	3	7	loss:grief	6	1	1	1	3	None	injury:pain::loss:grief	Probe
450	0	None	None	None	1	2	5	below:above	2	1	0	0	0	0	interior:exterior::below:above	CD
451	1	2	5	interior:exterior	0	None	None	None	2	None	0	0	0	0	interior:exterior::below:above	AB
452	0	2	5	interior:exterior	0	2	5	below:above	2	1	1	2	4	['4']	interior:exterior::below:above	Probe
453	0	None	None	None	1	2	5	start:finish	4	1	0	0	0	0	interior:exterior::start:finish	CD
454	1	2	5	interior:exterior	0	None	None	None	4	None	0	0	0	0	interior:exterior::start:finish	AB
455	0	2	5	interior:exterior	0	2	5	start:finish	4	1	1	2	4	['4']	interior:exterior::start:finish	Probe
456	0	None	None	None	1	2	6	right:bad	5	0	0	0	0	0	joke:laughter::right:bad	CD
457	1	3	7	joke:laughter	0	None	None	None	5	None	0	0	0	0	joke:laughter::right:bad	AB
458	0	3	7	joke:laughter	0	2	6	right:bad	5	0	1	1	4	['4']	joke:laughter::right:bad	Probe
459	0	None	None	None	1	1	3	rise:tide	7	0	0	0	0	0	joke:laughter::rise:tide	CD
460	1	3	7	joke:laughter	0	None	None	None	7	None	0	0	0	0	joke:laughter::rise:tide	AB
461	0	3	7	joke:laughter	0	1	3	rise:tide	7	0	1	1	4	['4']	joke:laughter::rise:tide	Probe
462	0	None	None	None	1	1	3	heat:temperature	4	0	0	0	0	0	just:unfair::heat:temperature	CD
463	1	2	6	just:unfair	0	None	None	None	4	None	0	0	0	0	just:unfair::heat:temperature	AB
464	0	2	6	just:unfair	0	1	3	heat:temperature	4	0	1	2	3	['3']	just:unfair::heat:temperature	Probe
465	0	None	None	None	1	3	7	injury:pain	2	0	0	0	0	0	just:unfair::injury:pain	CD
466	1	2	6	just:unfair	0	None	None	None	2	None	0	0	0	0	just:unfair::injury:pain	AB
467	0	2	6	just:unfair	0	3	7	injury:pain	2	0	1	2	3	['3']	just:unfair::injury:pain	Probe
468	0	None	None	None	1	1	1	couch:sofa	8	1	0	0	0	0	kid:child::couch:sofa	CD
469	1	1	1	kid:child	0	None	None	None	8	None	0	0	0	0	kid:child::couch:sofa	AB
470	0	1	1	kid:child	0	1	1	couch:sofa	8	1	1	2	4	['4']	kid:child::couch:sofa	Probe
471	0	None	None	None	1	1	1	make:manufacture	5	1	0	0	0	0	kid:child::make:manufacture	CD
472	1	1	1	kid:child	0	None	None	None	5	None	0	0	0	0	kid:child::make:manufacture	AB
473	0	1	1	kid:child	0	1	1	make:manufacture	5	1	1	2	4	['4']	kid:child::make:manufacture	Probe
474	0	None	None	None	1	3	9	bathe:clean	2	0	0	0	0	0	ladder:stairs::bathe:clean	CD
475	1	1	2	ladder:stairs	0	None	None	None	2	None	0	0	0	0	ladder:stairs::bathe:clean	AB
476	0	1	2	ladder:stairs	0	3	9	bathe:clean	2	0	1	2	3	['4']	ladder:stairs::bathe:clean	Probe
477	0	None	None	None	1	1	2	table:desk	3	1	0	0	0	0	ladder:stairs::table:desk	CD
478	1	1	2	ladder:stairs	0	None	None	None	3	None	0	0	0	0	ladder:stairs::table:desk	AB
479	0	1	2	ladder:stairs	0	1	2	table:desk	3	1	1	2	4	['4']	ladder:stairs::table:desk	Probe
480	0	None	None	None	1	2	5	in:out	5	1	0	0	0	0	left:right::in:out	CD
481	1	2	5	left:right	0	None	None	None	5	None	0	0	0	0	left:right::in:out	AB
482	0	2	5	left:right	0	2	5	in:out	5	1	1	1	3	['3']	left:right::in:out	Probe
483	0	None	None	None	1	3	7	tragedy:tears	7	0	0	0	0	0	left:right::tragedy:tears	CD
484	1	2	5	left:right	0	None	None	None	7	None	0	0	0	0	left:right::tragedy:tears	AB
485	0	2	5	left:right	0	3	7	tragedy:tears	7	0	1	2	3	['3']	left:right::tragedy:tears	Probe
486	0	None	None	None	1	3	8	fright:scream	5	1	0	0	0	0	loneliness:socialize::fright:scream	CD
487	1	3	8	loneliness:socialize	0	None	None	None	5	None	0	0	0	0	loneliness:socialize::fright:scream	AB
488	0	3	8	loneliness:socialize	0	3	8	fright:scream	5	1	1	1	3	['4']	loneliness:socialize::fright:scream	Probe
489	0	None	None	None	1	3	8	nervousness:sweat	8	1	0	0	0	0	loneliness:socialize::nervousness:sweat	CD
490	1	3	8	loneliness:socialize	0	None	None	None	8	None	0	0	0	0	loneliness:socialize::nervousness:sweat	AB
491	0	3	8	loneliness:socialize	0	3	8	nervousness:sweat	8	1	1	2	4	['3']	loneliness:socialize::nervousness:sweat	Probe
492	0	None	None	None	1	3	7	accident:damage	4	1	0	0	0	0	loss:grief::accident:damage	CD
493	1	3	7	loss:grief	0	None	None	None	4	None	0	0	0	0	loss:grief::accident:damage	AB
494	0	3	7	loss:grief	0	3	7	accident:damage	4	1	1	1	3	['3']	loss:grief::accident:damage	Probe
495	0	None	None	None	1	3	7	fire:burns	1	1	0	0	0	0	loss:grief::fire:burns	CD
496	1	3	7	loss:grief	0	None	None	None	1	None	0	0	0	0	loss:grief::fire:burns	AB
497	0	3	7	loss:grief	0	3	7	fire:burns	1	1	1	1	3	['3']	loss:grief::fire:burns	Probe
498	0	None	None	None	1	2	6	majority:small	2	1	0	0	0	0	loud:discreet::majority:small	CD
499	1	2	6	loud:discreet	0	None	None	None	2	None	0	0	0	0	loud:discreet::majority:small	AB
500	0	2	6	loud:discreet	0	2	6	majority:small	2	1	1	2	4	['4']	loud:discreet::majority:small	Probe
501	0	None	None	None	1	1	2	picture:drawing	3	0	0	0	0	0	loud:discreet::picture:drawing	CD
502	1	2	6	loud:discreet	0	None	None	None	3	None	0	0	0	0	loud:discreet::picture:drawing	AB
503	0	2	6	loud:discreet	0	1	2	picture:drawing	3	0	1	1	4	['4']	loud:discreet::picture:drawing	Probe
504	0	None	None	None	1	2	6	funny:serious	1	1	0	0	0	0	low:up::funny:serious	CD
505	1	2	6	low:up	0	None	None	None	1	None	0	0	0	0	low:up::funny:serious	AB
506	0	2	6	low:up	0	2	6	funny:serious	1	1	1	1	3	['3']	low:up::funny:serious	Probe
507	0	None	None	None	1	2	6	good:wrong	3	1	0	0	0	0	low:up::good:wrong	CD
508	1	2	6	low:up	0	None	None	None	3	None	0	0	0	0	low:up::good:wrong	AB
509	0	2	6	low:up	0	2	6	good:wrong	3	1	1	2	4	['4']	low:up::good:wrong	Probe
510	0	None	None	None	1	1	3	discount:price	8	1	0	0	0	0	lower:volume::discount:price	CD
511	1	1	3	lower:volume	0	None	None	None	8	None	0	0	0	0	lower:volume::discount:price	AB
512	0	1	3	lower:volume	0	1	3	discount:price	8	1	1	2	4	['3']	lower:volume::discount:price	Probe
513	0	None	None	None	1	3	9	flee:escape	5	0	0	0	0	0	lower:volume::flee:escape	CD
514	1	1	3	lower:volume	0	None	None	None	5	None	0	0	0	0	lower:volume::flee:escape	AB
515	0	1	3	lower:volume	0	3	9	flee:escape	5	0	1	1	4	['4']	lower:volume::flee:escape	Probe
516	0	None	None	None	1	1	2	house:tent	6	0	0	0	0	0	majority:small::house:tent	CD
517	1	2	6	majority:small	0	None	None	None	6	None	0	0	0	0	majority:small::house:tent	AB
518	0	2	6	majority:small	0	1	2	house:tent	6	0	1	1	4	['4']	majority:small::house:tent	Probe
519	0	None	None	None	1	2	6	just:unfair	8	1	0	0	0	0	majority:small::just:unfair	CD
520	1	2	6	majority:small	0	None	None	None	8	None	0	0	0	0	majority:small::just:unfair	AB
521	0	2	6	majority:small	0	2	6	just:unfair	8	1	1	2	4	['4']	majority:small::just:unfair	Probe
522	0	None	None	None	1	2	4	difficult:easy	4	0	0	0	0	0	make:manufacture::difficult:easy	CD
523	1	1	1	make:manufacture	0	None	None	None	4	None	0	0	0	0	make:manufacture::difficult:easy	AB
524	0	1	1	make:manufacture	0	2	4	difficult:easy	4	0	1	1	4	['4']	make:manufacture::difficult:easy	Probe
525	0	None	None	None	1	2	6	obey:protest	2	0	0	0	0	0	make:manufacture::obey:protest	CD
526	1	1	1	make:manufacture	0	None	None	None	2	None	0	0	0	0	make:manufacture::obey:protest	AB
527	0	1	1	make:manufacture	0	2	6	obey:protest	2	0	1	2	3	['3']	make:manufacture::obey:protest	Probe
528	0	None	None	None	1	3	8	coldness:shiver	1	1	0	0	0	0	nervousness:sweat::coldness:shiver	CD
529	1	3	8	nervousness:sweat	0	None	None	None	1	None	0	0	0	0	nervousness:sweat::coldness:shiver	AB
530	0	3	8	nervousness:sweat	0	3	8	coldness:shiver	1	1	1	2	4	['4']	nervousness:sweat::coldness:shiver	Probe
531	0	None	None	None	1	3	8	dirty:bathe	4	1	0	0	0	0	nervousness:sweat::dirty:bathe	CD
532	1	3	8	nervousness:sweat	0	None	None	None	4	None	0	0	0	0	nervousness:sweat::dirty:bathe	AB
533	0	3	8	nervousness:sweat	0	3	8	dirty:bathe	4	1	1	2	4	['3']	nervousness:sweat::dirty:bathe	Probe
534	0	None	None	None	1	2	5	ahead:behind	8	1	0	0	0	0	north:south::ahead:behind	CD
535	1	2	5	north:south	0	None	None	None	8	None	0	0	0	0	north:south::ahead:behind	AB
536	0	2	5	north:south	0	2	5	ahead:behind	8	1	1	1	3	['3']	north:south::ahead:behind	Probe
537	0	None	None	None	1	2	5	east:west	5	1	0	0	0	0	north:south::east:west	CD
538	1	2	5	north:south	0	None	None	None	5	None	0	0	0	0	north:south::east:west	AB
539	0	2	5	north:south	0	2	5	east:west	5	1	1	2	4	['4']	north:south::east:west	Probe
540	0	None	None	None	1	2	6	enthusiastic:lazy	6	1	0	0	0	0	obey:protest::enthusiastic:lazy	CD
541	1	2	6	obey:protest	0	None	None	None	6	None	0	0	0	0	obey:protest::enthusiastic:lazy	AB
542	0	2	6	obey:protest	0	2	6	enthusiastic:lazy	6	1	1	1	3	['3']	obey:protest::enthusiastic:lazy	Probe
543	0	None	None	None	1	2	6	right:bad	7	1	0	0	0	0	obey:protest::right:bad	CD
544	1	2	6	obey:protest	0	None	None	None	7	None	0	0	0	0	obey:protest::right:bad	AB
545	0	2	6	obey:protest	0	2	6	right:bad	7	1	1	2	4	['3']	obey:protest::right:bad	Probe
546	0	None	None	None	1	2	4	dark:light	4	1	0	0	0	0	old:young::dark:light	CD
547	1	2	4	old:young	0	None	None	None	4	None	0	0	0	0	old:young::dark:light	AB
548	0	2	4	old:young	0	2	4	dark:light	4	1	1	2	4	['4']	old:young::dark:light	Probe
549	0	None	None	None	1	2	4	rich:poor	2	1	0	0	0	0	old:young::rich:poor	CD
550	1	2	4	old:young	0	None	None	None	2	None	0	0	0	0	old:young::rich:poor	AB
551	0	2	4	old:young	0	2	4	rich:poor	2	1	1	1	3	['3']	old:young::rich:poor	Probe
552	0	None	None	None	1	1	1	careful:cautious	2	1	0	0	0	0	option:choice::careful:cautious	CD
553	1	1	1	option:choice	0	None	None	None	2	None	0	0	0	0	option:choice::careful:cautious	AB
554	0	1	1	option:choice	0	1	1	careful:cautious	2	1	1	1	3	['3']	option:choice::careful:cautious	Probe
555	0	None	None	None	1	2	6	high:down	3	0	0	0	0	0	option:choice::high:down	CD
556	1	1	1	option:choice	0	None	None	None	3	None	0	0	0	0	option:choice::high:down	AB
557	0	1	1	option:choice	0	2	6	high:down	3	0	1	1	4	['4']	option:choice::high:down	Probe
558	0	None	None	None	1	3	7	disease:sickness	6	0	0	0	0	0	pants:trousers::disease:sickness	CD
559	1	1	1	pants:trousers	0	None	None	None	6	None	0	0	0	0	pants:trousers::disease:sickness	AB
560	0	1	1	pants:trousers	0	3	7	disease:sickness	6	0	1	1	4	['3']	pants:trousers::disease:sickness	Probe
561	0	None	None	None	1	1	1	spin:twirl	7	1	0	0	0	0	pants:trousers::spin:twirl	CD
562	1	1	1	pants:trousers	0	None	None	None	7	None	0	0	0	0	pants:trousers::spin:twirl	AB
563	0	1	1	pants:trousers	0	1	1	spin:twirl	7	1	1	2	4	['4']	pants:trousers::spin:twirl	Probe
564	0	None	None	None	1	1	2	chair:sofa	1	1	0	0	0	0	paper:parchment::chair:sofa	CD
565	1	1	2	paper:parchment	0	None	None	None	1	None	0	0	0	0	paper:parchment::chair:sofa	AB
566	0	1	2	paper:parchment	0	1	2	chair:sofa	1	1	1	2	4	['4']	paper:parchment::chair:sofa	Probe
567	0	None	None	None	1	1	2	shovel:spoon	4	1	0	0	0	0	paper:parchment::shovel:spoon	CD
568	1	1	2	paper:parchment	0	None	None	None	4	None	0	0	0	0	paper:parchment::shovel:spoon	AB
569	0	1	2	paper:parchment	0	1	2	shovel:spoon	4	1	1	1	3	['3']	paper:parchment::shovel:spoon	Probe
570	0	None	None	None	1	1	2	fence:hedge	1	1	0	0	0	0	pencil:pen::fence:hedge	CD
571	1	1	2	pencil:pen	0	None	None	None	1	None	0	0	0	0	pencil:pen::fence:hedge	AB
572	0	1	2	pencil:pen	0	1	2	fence:hedge	1	1	1	2	4	['4']	pencil:pen::fence:hedge	Probe
573	0	None	None	None	1	2	5	north:south	3	0	0	0	0	0	pencil:pen::north:south	CD
574	1	1	2	pencil:pen	0	None	None	None	3	None	0	0	0	0	pencil:pen::north:south	AB
575	0	1	2	pencil:pen	0	2	5	north:south	3	0	1	1	4	['4']	pencil:pen::north:south	Probe
576	0	None	None	None	1	1	2	pillow:cushion	8	1	0	0	0	0	picture:drawing::pillow:cushion	CD
577	1	1	2	picture:drawing	0	None	None	None	8	None	0	0	0	0	picture:drawing::pillow:cushion	AB
578	0	1	2	picture:drawing	0	1	2	pillow:cushion	8	1	1	2	4	['4']	picture:drawing::pillow:cushion	Probe
579	0	None	None	None	1	1	2	sword:knife	6	1	0	0	0	0	picture:drawing::sword:knife	CD
580	1	1	2	picture:drawing	0	None	None	None	6	None	0	0	0	0	picture:drawing::sword:knife	AB
581	0	1	2	picture:drawing	0	1	2	sword:knife	6	1	1	1	3	['3']	picture:drawing::sword:knife	Probe
582	0	None	None	None	1	2	4	pretty:ugly	2	0	0	0	0	0	pillow:cushion::pretty:ugly	CD
583	1	1	2	pillow:cushion	0	None	None	None	2	None	0	0	0	0	pillow:cushion::pretty:ugly	AB
584	0	1	2	pillow:cushion	0	2	4	pretty:ugly	2	0	1	1	4	['4']	pillow:cushion::pretty:ugly	Probe
585	0	None	None	None	1	1	2	rake:fork	3	1	0	0	0	0	pillow:cushion::rake:fork	CD
586	1	1	2	pillow:cushion	0	None	None	None	3	None	0	0	0	0	pillow:cushion::rake:fork	AB
587	0	1	2	pillow:cushion	0	1	2	rake:fork	3	1	1	1	3	['3']	pillow:cushion::rake:fork	Probe
588	0	None	None	None	1	2	6	fun:boring	4	1	0	0	0	0	powerful:meek::fun:boring	CD
589	1	2	6	powerful:meek	0	None	None	None	4	None	0	0	0	0	powerful:meek::fun:boring	AB
590	0	2	6	powerful:meek	0	2	6	fun:boring	4	1	1	1	3	['3']	powerful:meek::fun:boring	Probe
591	0	None	None	None	1	1	2	rake:fork	1	0	0	0	0	0	powerful:meek::rake:fork	CD
592	1	2	6	powerful:meek	0	None	None	None	1	None	0	0	0	0	powerful:meek::rake:fork	AB
593	0	2	6	powerful:meek	0	1	2	rake:fork	1	0	1	1	4	['4']	powerful:meek::rake:fork	Probe
594	0	None	None	None	1	1	1	car:auto	4	1	0	0	0	0	pretty:beautiful::car:auto	CD
595	1	1	1	pretty:beautiful	0	None	None	None	4	None	0	0	0	0	pretty:beautiful::car:auto	AB
596	0	1	1	pretty:beautiful	0	1	1	car:auto	4	1	1	1	3	['3']	pretty:beautiful::car:auto	Probe
597	0	None	None	None	1	1	1	teach:instruct	1	1	0	0	0	0	pretty:beautiful::teach:instruct	CD
598	1	1	1	pretty:beautiful	0	None	None	None	1	None	0	0	0	0	pretty:beautiful::teach:instruct	AB
599	0	1	1	pretty:beautiful	0	1	1	teach:instruct	1	1	1	1	3	['3']	pretty:beautiful::teach:instruct	Probe
600	0	None	None	None	1	2	4	good:bad	7	1	0	0	0	0	pretty:ugly::good:bad	CD
601	1	2	4	pretty:ugly	0	None	None	None	7	None	0	0	0	0	pretty:ugly::good:bad	AB
602	0	2	4	pretty:ugly	0	2	4	good:bad	7	1	1	1	3	['3']	pretty:ugly::good:bad	Probe
603	0	None	None	None	1	1	1	spin:twirl	6	0	0	0	0	0	pretty:ugly::spin:twirl	CD
604	1	2	4	pretty:ugly	0	None	None	None	6	None	0	0	0	0	pretty:ugly::spin:twirl	AB
605	0	2	4	pretty:ugly	0	1	1	spin:twirl	6	0	1	1	4	['4']	pretty:ugly::spin:twirl	Probe
606	0	None	None	None	1	1	1	cute:adorable	5	1	0	0	0	0	raise:elevate::cute:adorable	CD
607	1	1	1	raise:elevate	0	None	None	None	5	None	0	0	0	0	raise:elevate::cute:adorable	AB
608	0	1	1	raise:elevate	0	1	1	cute:adorable	5	1	1	2	4	['4']	raise:elevate::cute:adorable	Probe
609	0	None	None	None	1	1	1	pretty:beautiful	8	1	0	0	0	0	raise:elevate::pretty:beautiful	CD
610	1	1	1	raise:elevate	0	None	None	None	8	None	0	0	0	0	raise:elevate::pretty:beautiful	AB
611	0	1	1	raise:elevate	0	1	1	pretty:beautiful	8	1	1	1	3	['3']	raise:elevate::pretty:beautiful	Probe
612	0	None	None	None	1	1	3	lower:volume	4	1	0	0	0	0	raise:salary::lower:volume	CD
613	1	1	3	raise:salary	0	None	None	None	4	None	0	0	0	0	raise:salary::lower:volume	AB
614	0	1	3	raise:salary	0	1	3	lower:volume	4	1	1	1	3	['3']	raise:salary::lower:volume	Probe
615	0	None	None	None	1	1	3	shorten:distance	2	1	0	0	0	0	raise:salary::shorten:distance	CD
616	1	1	3	raise:salary	0	None	None	None	2	None	0	0	0	0	raise:salary::shorten:distance	AB
617	0	1	3	raise:salary	0	1	3	shorten:distance	2	1	1	2	4	['3']	raise:salary::shorten:distance	Probe
618	0	None	None	None	1	1	2	house:tent	8	1	0	0	0	0	rake:fork::house:tent	CD
619	1	1	2	rake:fork	0	None	None	None	8	None	0	0	0	0	rake:fork::house:tent	AB
620	0	1	2	rake:fork	0	1	2	house:tent	8	1	1	1	3	['3']	rake:fork::house:tent	Probe
621	0	None	None	None	1	3	9	trim:shorten	5	0	0	0	0	0	rake:fork::trim:shorten	CD
622	1	1	2	rake:fork	0	None	None	None	5	None	0	0	0	0	rake:fork::trim:shorten	AB
623	0	1	2	rake:fork	0	3	9	trim:shorten	5	0	1	1	4	['3']	rake:fork::trim:shorten	Probe
624	0	None	None	None	1	2	6	just:unfair	5	0	0	0	0	0	read:learn::just:unfair	CD
625	1	3	9	read:learn	0	None	None	None	5	None	0	0	0	0	read:learn::just:unfair	AB
626	0	3	9	read:learn	0	2	6	just:unfair	5	0	1	1	4	['4']	read:learn::just:unfair	Probe
627	0	None	None	None	1	3	9	sleep:rest	7	1	0	0	0	0	read:learn::sleep:rest	CD
628	1	3	9	read:learn	0	None	None	None	7	None	0	0	0	0	read:learn::sleep:rest	AB
629	0	3	9	read:learn	0	3	9	sleep:rest	7	1	1	2	4	['4']	read:learn::sleep:rest	Probe
630	0	None	None	None	1	2	5	below:above	3	0	0	0	0	0	repetition:boredom::below:above	CD
631	1	3	7	repetition:boredom	0	None	None	None	3	None	0	0	0	0	repetition:boredom::below:above	AB
632	0	3	7	repetition:boredom	0	2	5	below:above	3	0	1	2	3	['3']	repetition:boredom::below:above	Probe
633	0	None	None	None	1	2	6	good:wrong	2	0	0	0	0	0	repetition:boredom::good:wrong	CD
634	1	3	7	repetition:boredom	0	None	None	None	2	None	0	0	0	0	repetition:boredom::good:wrong	AB
635	0	3	7	repetition:boredom	0	2	6	good:wrong	2	0	1	2	3	['3']	repetition:boredom::good:wrong	Probe
636	0	None	None	None	1	2	4	fast:slow	7	1	0	0	0	0	rich:poor::fast:slow	CD
637	1	2	4	rich:poor	0	None	None	None	7	None	0	0	0	0	rich:poor::fast:slow	AB
638	0	2	4	rich:poor	0	2	4	fast:slow	7	1	1	1	3	['3']	rich:poor::fast:slow	Probe
639	0	None	None	None	1	3	7	stimulus:response	5	0	0	0	0	0	rich:poor::stimulus:response	CD
640	1	2	4	rich:poor	0	None	None	None	5	None	0	0	0	0	rich:poor::stimulus:response	AB
641	0	2	4	rich:poor	0	3	7	stimulus:response	5	0	1	1	4	['3']	rich:poor::stimulus:response	Probe
642	0	None	None	None	1	3	9	advertise:promote	2	0	0	0	0	0	right:bad::advertise:promote	CD
643	1	2	6	right:bad	0	None	None	None	2	None	0	0	0	0	right:bad::advertise:promote	AB
644	0	2	6	right:bad	0	3	9	advertise:promote	2	0	1	1	4	['4']	right:bad::advertise:promote	Probe
645	0	None	None	None	1	2	6	obey:protest	3	1	0	0	0	0	right:bad::obey:protest	CD
646	1	2	6	right:bad	0	None	None	None	3	None	0	0	0	0	right:bad::obey:protest	AB
647	0	2	6	right:bad	0	2	6	obey:protest	3	1	1	2	4	['4']	right:bad::obey:protest	Probe
648	0	None	None	None	1	1	2	shovel:spoon	1	0	0	0	0	0	rise:sink::shovel:spoon	CD
649	1	2	5	rise:sink	0	None	None	None	1	None	0	0	0	0	rise:sink::shovel:spoon	AB
650	0	2	5	rise:sink	0	1	2	shovel:spoon	1	0	1	1	4	['4']	rise:sink::shovel:spoon	Probe
651	0	None	None	None	1	2	5	under:over	3	1	0	0	0	0	rise:sink::under:over	CD
652	1	2	5	rise:sink	0	None	None	None	3	None	0	0	0	0	rise:sink::under:over	AB
653	0	2	5	rise:sink	0	2	5	under:over	3	1	1	2	4	['4']	rise:sink::under:over	Probe
654	0	None	None	None	1	2	4	dirty:clean	1	0	0	0	0	0	rise:tide::dirty:clean	CD
655	1	1	3	rise:tide	0	None	None	None	1	None	0	0	0	0	rise:tide::dirty:clean	AB
656	0	1	3	rise:tide	0	2	4	dirty:clean	1	0	1	2	3	['3']	rise:tide::dirty:clean	Probe
657	0	None	None	None	1	2	5	left:right	3	0	0	0	0	0	rise:tide::left:right	CD
658	1	1	3	rise:tide	0	None	None	None	3	None	0	0	0	0	rise:tide::left:right	AB
659	0	1	3	rise:tide	0	2	5	left:right	3	0	1	1	4	['4']	rise:tide::left:right	Probe
660	0	None	None	None	1	3	9	study:learn	3	0	0	0	0	0	run:sprint::study:learn	CD
661	1	1	1	run:sprint	0	None	None	None	3	None	0	0	0	0	run:sprint::study:learn	AB
662	0	1	1	run:sprint	0	3	9	study:learn	3	0	1	1	4	['3']	run:sprint::study:learn	Probe
663	0	None	None	None	1	2	5	under:over	1	0	0	0	0	0	run:sprint::under:over	CD
664	1	1	1	run:sprint	0	None	None	None	1	None	0	0	0	0	run:sprint::under:over	AB
665	0	1	1	run:sprint	0	2	5	under:over	1	0	1	1	4	['4']	run:sprint::under:over	Probe
666	0	None	None	None	1	2	4	hot:cold	4	0	0	0	0	0	sadness:cry::hot:cold	CD
667	1	3	8	sadness:cry	0	None	None	None	4	None	0	0	0	0	sadness:cry::hot:cold	AB
668	0	3	8	sadness:cry	0	2	4	hot:cold	4	0	1	1	4	['4']	sadness:cry::hot:cold	Probe
669	0	None	None	None	1	1	2	table:desk	2	0	0	0	0	0	sadness:cry::table:desk	CD
670	1	3	8	sadness:cry	0	None	None	None	2	None	0	0	0	0	sadness:cry::table:desk	AB
671	0	3	8	sadness:cry	0	1	2	table:desk	2	0	1	1	4	['4']	sadness:cry::table:desk	Probe
672	0	None	None	None	1	2	4	fast:slow	6	0	0	0	0	0	shorten:distance::fast:slow	CD
673	1	1	3	shorten:distance	0	None	None	None	6	None	0	0	0	0	shorten:distance::fast:slow	AB
674	0	1	3	shorten:distance	0	2	4	fast:slow	6	0	1	1	4	['4']	shorten:distance::fast:slow	Probe
675	0	None	None	None	1	1	3	force:pressure	7	1	0	0	0	0	shorten:distance::force:pressure	CD
676	1	1	3	shorten:distance	0	None	None	None	7	None	0	0	0	0	shorten:distance::force:pressure	AB
677	0	1	3	shorten:distance	0	1	3	force:pressure	7	1	1	2	4	['3']	shorten:distance::force:pressure	Probe
678	0	None	None	None	1	2	4	black:white	5	0	0	0	0	0	shovel:spoon::black:white	CD
679	1	1	2	shovel:spoon	0	None	None	None	5	None	0	0	0	0	shovel:spoon::black:white	AB
680	0	1	2	shovel:spoon	0	2	4	black:white	5	0	1	1	4	['4']	shovel:spoon::black:white	Probe
681	0	None	None	None	1	3	8	tiredness:rest	8	0	0	0	0	0	shovel:spoon::tiredness:rest	CD
682	1	1	2	shovel:spoon	0	None	None	None	8	None	0	0	0	0	shovel:spoon::tiredness:rest	AB
683	0	1	2	shovel:spoon	0	3	8	tiredness:rest	8	0	1	1	4	['4']	shovel:spoon::tiredness:rest	Probe
684	0	None	None	None	1	3	8	danger:flee	3	1	0	0	0	0	sickness:medicate::danger:flee	CD
685	1	3	8	sickness:medicate	0	None	None	None	3	None	0	0	0	0	sickness:medicate::danger:flee	AB
686	0	3	8	sickness:medicate	0	3	8	danger:flee	3	1	1	2	4	['4']	sickness:medicate::danger:flee	Probe
687	0	None	None	None	1	1	1	raise:elevate	2	0	0	0	0	0	sickness:medicate::raise:elevate	CD
688	1	3	8	sickness:medicate	0	None	None	None	2	None	0	0	0	0	sickness:medicate::raise:elevate	AB
689	0	3	8	sickness:medicate	0	1	1	raise:elevate	2	0	1	2	3	['4']	sickness:medicate::raise:elevate	Probe
690	0	None	None	None	1	3	9	advertise:promote	3	1	0	0	0	0	sleep:rest::advertise:promote	CD
691	1	3	9	sleep:rest	0	None	None	None	3	None	0	0	0	0	sleep:rest::advertise:promote	AB
692	0	3	9	sleep:rest	0	3	9	advertise:promote	3	1	1	2	4	['4']	sleep:rest::advertise:promote	Probe
693	0	None	None	None	1	2	4	bright:dark	2	0	0	0	0	0	sleep:rest::bright:dark	CD
694	1	3	9	sleep:rest	0	None	None	None	2	None	0	0	0	0	sleep:rest::bright:dark	AB
695	0	3	9	sleep:rest	0	2	4	bright:dark	2	0	1	1	4	['4']	sleep:rest::bright:dark	Probe
696	0	None	None	None	1	2	6	high:down	2	1	0	0	0	0	smiling:sad::high:down	CD
697	1	2	6	smiling:sad	0	None	None	None	2	None	0	0	0	0	smiling:sad::high:down	AB
698	0	2	6	smiling:sad	0	2	6	high:down	2	1	1	1	3	['3']	smiling:sad::high:down	Probe
699	0	None	None	None	1	3	7	illness:discomfort	4	0	0	0	0	0	smiling:sad::illness:discomfort	CD
700	1	2	6	smiling:sad	0	None	None	None	4	None	0	0	0	0	smiling:sad::illness:discomfort	AB
701	0	2	6	smiling:sad	0	3	7	illness:discomfort	4	0	1	1	4	['4']	smiling:sad::illness:discomfort	Probe
702	0	None	None	None	1	1	3	darken:color	8	1	0	0	0	0	soften:voice::darken:color	CD
703	1	1	3	soften:voice	0	None	None	None	8	None	0	0	0	0	soften:voice::darken:color	AB
704	0	1	3	soften:voice	0	1	3	darken:color	8	1	1	1	3	['3']	soften:voice::darken:color	Probe
705	0	None	None	None	1	3	8	thirst:drink	6	0	0	0	0	0	soften:voice::thirst:drink	CD
706	1	1	3	soften:voice	0	None	None	None	6	None	0	0	0	0	soften:voice::thirst:drink	AB
707	0	1	3	soften:voice	0	3	8	thirst:drink	6	0	1	2	3	['3']	soften:voice::thirst:drink	Probe
708	0	None	None	None	1	3	9	flee:escape	7	1	0	0	0	0	speak:express::flee:escape	CD
709	1	3	9	speak:express	0	None	None	None	7	None	0	0	0	0	speak:express::flee:escape	AB
710	0	3	9	speak:express	0	3	9	flee:escape	7	1	1	1	3	['3']	speak:express::flee:escape	Probe
711	0	None	None	None	1	3	9	ignite:burn	5	1	0	0	0	0	speak:express::ignite:burn	CD
712	1	3	9	speak:express	0	None	None	None	5	None	0	0	0	0	speak:express::ignite:burn	AB
713	0	3	9	speak:express	0	3	9	ignite:burn	5	1	1	1	3	['3']	speak:express::ignite:burn	Probe
714	0	None	None	None	1	2	4	fat:thin	7	0	0	0	0	0	speed:movement::fat:thin	CD
715	1	1	3	speed:movement	0	None	None	None	7	None	0	0	0	0	speed:movement::fat:thin	AB
716	0	1	3	speed:movement	0	2	4	fat:thin	7	0	1	2	3	['3']	speed:movement::fat:thin	Probe
717	0	None	None	None	1	1	3	raise:salary	5	1	0	0	0	0	speed:movement::raise:salary	CD
718	1	1	3	speed:movement	0	None	None	None	5	None	0	0	0	0	speed:movement::raise:salary	AB
719	0	1	3	speed:movement	0	1	3	raise:salary	5	1	1	1	3	['3']	speed:movement::raise:salary	Probe
720	0	None	None	None	1	2	6	bright:dull	2	0	0	0	0	0	spin:twirl::bright:dull	CD
721	1	1	1	spin:twirl	0	None	None	None	2	None	0	0	0	0	spin:twirl::bright:dull	AB
722	0	1	1	spin:twirl	0	2	6	bright:dull	2	0	1	2	3	['3']	spin:twirl::bright:dull	Probe
723	0	None	None	None	1	1	1	house:home	3	1	0	0	0	0	spin:twirl::house:home	CD
724	1	1	1	spin:twirl	0	None	None	None	3	None	0	0	0	0	spin:twirl::house:home	AB
725	0	1	1	spin:twirl	0	1	1	house:home	3	1	1	1	3	['3']	spin:twirl::house:home	Probe
726	0	None	None	None	1	2	4	big:small	8	0	0	0	0	0	stairs:ladder::big:small	CD
727	1	1	2	stairs:ladder	0	None	None	None	8	None	0	0	0	0	stairs:ladder::big:small	AB
728	0	1	2	stairs:ladder	0	2	4	big:small	8	0	1	2	3	['3']	stairs:ladder::big:small	Probe
729	0	None	None	None	1	3	8	sickness:medicate	6	0	0	0	0	0	stairs:ladder::sickness:medicate	CD
730	1	1	2	stairs:ladder	0	None	None	None	6	None	0	0	0	0	stairs:ladder::sickness:medicate	AB
731	0	1	2	stairs:ladder	0	3	8	sickness:medicate	6	0	1	1	4	['4']	stairs:ladder::sickness:medicate	Probe
732	0	None	None	None	1	2	5	forward:backward	6	1	0	0	0	0	start:finish::forward:backward	CD
733	1	2	5	start:finish	0	None	None	None	6	None	0	0	0	0	start:finish::forward:backward	AB
734	0	2	5	start:finish	0	2	5	forward:backward	6	1	1	2	4	['4']	start:finish::forward:backward	Probe
735	0	None	None	None	1	2	5	top:bottom	7	1	0	0	0	0	start:finish::top:bottom	CD
736	1	2	5	start:finish	0	None	None	None	7	None	0	0	0	0	start:finish::top:bottom	AB
737	0	2	5	start:finish	0	2	5	top:bottom	7	1	1	2	4	['4']	start:finish::top:bottom	Probe
738	0	None	None	None	1	3	7	joke:laughter	3	1	0	0	0	0	stimulus:response::joke:laughter	CD
739	1	3	7	stimulus:response	0	None	None	None	3	None	0	0	0	0	stimulus:response::joke:laughter	AB
740	0	3	7	stimulus:response	0	3	7	joke:laughter	3	1	1	2	4	['4']	stimulus:response::joke:laughter	Probe
741	0	None	None	None	1	3	7	workout:sweat	1	1	0	0	0	0	stimulus:response::workout:sweat	CD
742	1	3	7	stimulus:response	0	None	None	None	1	None	0	0	0	0	stimulus:response::workout:sweat	AB
743	0	3	7	stimulus:response	0	3	7	workout:sweat	1	1	1	1	3	['3']	stimulus:response::workout:sweat	Probe
744	0	None	None	None	1	2	4	old:young	5	0	0	0	0	0	study:learn::old:young	CD
745	1	3	9	study:learn	0	None	None	None	5	None	0	0	0	0	study:learn::old:young	AB
746	0	3	9	study:learn	0	2	4	old:young	5	0	1	2	3	['3']	study:learn::old:young	Probe
747	0	None	None	None	1	2	4	warm:cool	7	0	0	0	0	0	study:learn::warm:cool	CD
748	1	3	9	study:learn	0	None	None	None	7	None	0	0	0	0	study:learn::warm:cool	AB
749	0	3	9	study:learn	0	2	4	warm:cool	7	0	1	2	3	['3']	study:learn::warm:cool	Probe
750	0	None	None	None	1	3	7	accident:damage	1	0	0	0	0	0	sword:knife::accident:damage	CD
751	1	1	2	sword:knife	0	None	None	None	1	None	0	0	0	0	sword:knife::accident:damage	AB
752	0	1	2	sword:knife	0	3	7	accident:damage	1	0	1	2	3	['4']	sword:knife::accident:damage	Probe
753	0	None	None	None	1	3	7	workout:sweat	4	0	0	0	0	0	sword:knife::workout:sweat	CD
754	1	1	2	sword:knife	0	None	None	None	4	None	0	0	0	0	sword:knife::workout:sweat	AB
755	0	1	2	sword:knife	0	3	7	workout:sweat	4	0	1	2	3	['3']	sword:knife::workout:sweat	Probe
756	0	None	None	None	1	2	6	powerful:meek	6	0	0	0	0	0	table:desk::powerful:meek	CD
757	1	1	2	table:desk	0	None	None	None	6	None	0	0	0	0	table:desk::powerful:meek	AB
758	0	1	2	table:desk	0	2	6	powerful:meek	6	0	1	1	4	['4']	table:desk::powerful:meek	Probe
759	0	None	None	None	1	1	2	wagon:trailer	7	1	0	0	0	0	table:desk::wagon:trailer	CD
760	1	1	2	table:desk	0	None	None	None	7	None	0	0	0	0	table:desk::wagon:trailer	AB
761	0	1	2	table:desk	0	1	2	wagon:trailer	7	1	1	2	4	['4']	table:desk::wagon:trailer	Probe
762	0	None	None	None	1	2	4	black:white	8	1	0	0	0	0	tall:short::black:white	CD
763	1	2	4	tall:short	0	None	None	None	8	None	0	0	0	0	tall:short::black:white	AB
764	0	2	4	tall:short	0	2	4	black:white	8	1	1	1	3	['3']	tall:short::black:white	Probe
765	0	None	None	None	1	3	7	repetition:boredom	5	0	0	0	0	0	tall:short::repetition:boredom	CD
766	1	2	4	tall:short	0	None	None	None	5	None	0	0	0	0	tall:short::repetition:boredom	AB
767	0	2	4	tall:short	0	3	7	repetition:boredom	5	0	1	2	3	['3']	tall:short::repetition:boredom	Probe
768	0	None	None	None	1	3	7	germs:sickness	7	0	0	0	0	0	teach:instruct::germs:sickness	CD
769	1	1	1	teach:instruct	0	None	None	None	7	None	0	0	0	0	teach:instruct::germs:sickness	AB
770	0	1	1	teach:instruct	0	3	7	germs:sickness	7	0	1	1	4	['4']	teach:instruct::germs:sickness	Probe
771	0	None	None	None	1	2	5	up:down	5	0	0	0	0	0	teach:instruct::up:down	CD
772	1	1	1	teach:instruct	0	None	None	None	5	None	0	0	0	0	teach:instruct::up:down	AB
773	0	1	1	teach:instruct	0	2	5	up:down	5	0	1	1	4	['4']	teach:instruct::up:down	Probe
774	0	None	None	None	1	1	3	dim:light	7	1	0	0	0	0	terror:fear::dim:light	CD
775	1	1	3	terror:fear	0	None	None	None	7	None	0	0	0	0	terror:fear::dim:light	AB
776	0	1	3	terror:fear	0	1	3	dim:light	7	1	1	1	3	['4']	terror:fear::dim:light	Probe
777	0	None	None	None	1	1	3	rise:tide	6	1	0	0	0	0	terror:fear::rise:tide	CD
778	1	1	3	terror:fear	0	None	None	None	6	None	0	0	0	0	terror:fear::rise:tide	AB
779	0	1	3	terror:fear	0	1	3	rise:tide	6	1	1	2	4	['3']	terror:fear::rise:tide	Probe
780	0	None	None	None	1	2	6	funny:serious	4	0	0	0	0	0	thirst:drink::funny:serious	CD
781	1	3	8	thirst:drink	0	None	None	None	4	None	0	0	0	0	thirst:drink::funny:serious	AB
782	0	3	8	thirst:drink	0	2	6	funny:serious	4	0	1	2	3	['3']	thirst:drink::funny:serious	Probe
783	0	None	None	None	1	3	8	happiness:smile	2	1	0	0	0	0	thirst:drink::happiness:smile	CD
784	1	3	8	thirst:drink	0	None	None	None	2	None	0	0	0	0	thirst:drink::happiness:smile	AB
785	0	3	8	thirst:drink	0	3	8	happiness:smile	2	1	1	1	3	['4']	thirst:drink::happiness:smile	Probe
786	0	None	None	None	1	3	8	anger:yell	1	1	0	0	0	0	thirsty:drink::anger:yell	CD
787	1	3	8	thirsty:drink	0	None	None	None	1	None	0	0	0	0	thirsty:drink::anger:yell	AB
788	0	3	8	thirsty:drink	0	3	8	anger:yell	1	1	1	2	4	['4']	thirsty:drink::anger:yell	Probe
789	0	None	None	None	1	1	2	fence:hedge	3	0	0	0	0	0	thirsty:drink::fence:hedge	CD
790	1	3	8	thirsty:drink	0	None	None	None	3	None	0	0	0	0	thirsty:drink::fence:hedge	AB
791	0	3	8	thirsty:drink	0	1	2	fence:hedge	3	0	1	1	4	['4']	thirsty:drink::fence:hedge	Probe
792	0	None	None	None	1	1	1	big:large	3	0	0	0	0	0	tiredness:rest::big:large	CD
793	1	3	8	tiredness:rest	0	None	None	None	3	None	0	0	0	0	tiredness:rest::big:large	AB
794	0	3	8	tiredness:rest	0	1	1	big:large	3	0	1	2	3	['3']	tiredness:rest::big:large	Probe
795	0	None	None	None	1	2	4	dark:light	1	0	0	0	0	0	tiredness:rest::dark:light	CD
796	1	3	8	tiredness:rest	0	None	None	None	1	None	0	0	0	0	tiredness:rest::dark:light	AB
797	0	3	8	tiredness:rest	0	2	4	dark:light	1	0	1	1	4	['3']	tiredness:rest::dark:light	Probe
798	0	None	None	None	1	1	1	pants:trousers	2	0	0	0	0	0	top:bottom::pants:trousers	CD
799	1	2	5	top:bottom	0	None	None	None	2	None	0	0	0	0	top:bottom::pants:trousers	AB
800	0	2	5	top:bottom	0	1	1	pants:trousers	2	0	1	2	3	['3']	top:bottom::pants:trousers	Probe
801	0	None	None	None	1	1	1	teach:instruct	4	0	0	0	0	0	top:bottom::teach:instruct	CD
802	1	2	5	top:bottom	0	None	None	None	4	None	0	0	0	0	top:bottom::teach:instruct	AB
803	0	2	5	top:bottom	0	1	1	teach:instruct	4	0	1	2	3	['3']	top:bottom::teach:instruct	Probe
804	0	None	None	None	1	3	7	exercise:fitness	2	1	0	0	0	0	tragedy:tears::exercise:fitness	CD
805	1	3	7	tragedy:tears	0	None	None	None	2	None	0	0	0	0	tragedy:tears::exercise:fitness	AB
806	0	3	7	tragedy:tears	0	3	7	exercise:fitness	2	1	1	2	4	['4']	tragedy:tears::exercise:fitness	Probe
807	0	None	None	None	1	2	4	rich:poor	3	0	0	0	0	0	tragedy:tears::rich:poor	CD
808	1	3	7	tragedy:tears	0	None	None	None	3	None	0	0	0	0	tragedy:tears::rich:poor	AB
809	0	3	7	tragedy:tears	0	2	4	rich:poor	3	0	1	2	3	['3']	tragedy:tears::rich:poor	Probe
810	0	None	None	None	1	2	5	high:low	3	0	0	0	0	0	trim:shorten::high:low	CD
811	1	3	9	trim:shorten	0	None	None	None	3	None	0	0	0	0	trim:shorten::high:low	AB
812	0	3	9	trim:shorten	0	2	5	high:low	3	0	1	2	3	['3']	trim:shorten::high:low	Probe
813	0	None	None	None	1	3	9	study:learn	1	1	0	0	0	0	trim:shorten::study:learn	CD
814	1	3	9	trim:shorten	0	None	None	None	1	None	0	0	0	0	trim:shorten::study:learn	AB
815	0	3	9	trim:shorten	0	3	9	study:learn	1	1	1	1	3	['3']	trim:shorten::study:learn	Probe
816	0	None	None	None	1	3	9	drink:hydrate	7	0	0	0	0	0	under:over::drink:hydrate	CD
817	1	2	5	under:over	0	None	None	None	7	None	0	0	0	0	under:over::drink:hydrate	AB
818	0	2	5	under:over	0	3	9	drink:hydrate	7	0	1	1	4	['4']	under:over::drink:hydrate	Probe
819	0	None	None	None	1	3	9	sleep:rest	6	0	0	0	0	0	under:over::sleep:rest	CD
820	1	2	5	under:over	0	None	None	None	6	None	0	0	0	0	under:over::sleep:rest	AB
821	0	2	5	under:over	0	3	9	sleep:rest	6	0	1	2	3	['3']	under:over::sleep:rest	Probe
822	0	None	None	None	1	3	7	fire:burns	3	0	0	0	0	0	up:down::fire:burns	CD
823	1	2	5	up:down	0	None	None	None	3	None	0	0	0	0	up:down::fire:burns	AB
824	0	2	5	up:down	0	3	7	fire:burns	3	0	1	1	4	['4']	up:down::fire:burns	Probe
825	0	None	None	None	1	2	5	high:low	1	1	0	0	0	0	up:down::high:low	CD
826	1	2	5	up:down	0	None	None	None	1	None	0	0	0	0	up:down::high:low	AB
827	0	2	5	up:down	0	2	5	high:low	1	1	1	1	3	['3']	up:down::high:low	Probe
828	0	None	None	None	1	1	2	picture:drawing	2	1	0	0	0	0	wagon:trailer::picture:drawing	CD
829	1	1	2	wagon:trailer	0	None	None	None	2	None	0	0	0	0	wagon:trailer::picture:drawing	AB
830	0	1	2	wagon:trailer	0	1	2	picture:drawing	2	1	1	2	4	['4']	wagon:trailer::picture:drawing	Probe
831	0	None	None	None	1	1	2	stairs:ladder	4	1	0	0	0	0	wagon:trailer::stairs:ladder	CD
832	1	1	2	wagon:trailer	0	None	None	None	4	None	0	0	0	0	wagon:trailer::stairs:ladder	AB
833	0	1	2	wagon:trailer	0	1	2	stairs:ladder	4	1	1	2	4	['4']	wagon:trailer::stairs:ladder	Probe
834	0	None	None	None	1	2	4	hot:cold	1	1	0	0	0	0	warm:cool::hot:cold	CD
835	1	2	4	warm:cool	0	None	None	None	1	None	0	0	0	0	warm:cool::hot:cold	AB
836	0	2	4	warm:cool	0	2	4	hot:cold	1	1	1	1	3	['3']	warm:cool::hot:cold	Probe
837	0	None	None	None	1	3	9	read:learn	3	0	0	0	0	0	warm:cool::read:learn	CD
838	1	2	4	warm:cool	0	None	None	None	3	None	0	0	0	0	warm:cool::read:learn	AB
839	0	2	4	warm:cool	0	3	9	read:learn	3	0	1	2	3	['3']	warm:cool::read:learn	Probe
840	0	None	None	None	1	1	1	careful:cautious	4	0	0	0	0	0	wash:clean::careful:cautious	CD
841	1	3	9	wash:clean	0	None	None	None	4	None	0	0	0	0	wash:clean::careful:cautious	AB
842	0	3	9	wash:clean	0	1	1	careful:cautious	4	0	1	1	4	['3']	wash:clean::careful:cautious	Probe
843	0	None	None	None	1	3	9	cook:eat	1	1	0	0	0	0	wash:clean::cook:eat	CD
844	1	3	9	wash:clean	0	None	None	None	1	None	0	0	0	0	wash:clean::cook:eat	AB
845	0	3	9	wash:clean	0	3	9	cook:eat	1	1	1	1	3	['3']	wash:clean::cook:eat	Probe
846	0	None	None	None	1	3	7	loss:grief	7	0	0	0	0	0	witty:dumb::loss:grief	CD
847	1	2	6	witty:dumb	0	None	None	None	7	None	0	0	0	0	witty:dumb::loss:grief	AB
848	0	2	6	witty:dumb	0	3	7	loss:grief	7	0	1	1	4	['4']	witty:dumb::loss:grief	Probe
849	0	None	None	None	1	2	6	low:up	6	1	0	0	0	0	witty:dumb::low:up	CD
850	1	2	6	witty:dumb	0	None	None	None	6	None	0	0	0	0	witty:dumb::low:up	AB
851	0	2	6	witty:dumb	0	2	6	low:up	6	1	1	2	4	['4']	witty:dumb::low:up	Probe
852	0	None	None	None	1	3	9	speak:express	4	1	0	0	0	0	work:earn::speak:express	CD
853	1	3	9	work:earn	0	None	None	None	4	None	0	0	0	0	work:earn::speak:express	AB
854	0	3	9	work:earn	0	3	9	speak:express	4	1	1	2	4	['4']	work:earn::speak:express	Probe
855	0	None	None	None	1	1	2	stairs:ladder	1	0	0	0	0	0	work:earn::stairs:ladder	CD
856	1	3	9	work:earn	0	None	None	None	1	None	0	0	0	0	work:earn::stairs:ladder	AB
857	0	3	9	work:earn	0	1	2	stairs:ladder	1	0	1	1	4	['4']	work:earn::stairs:ladder	Probe
858	0	None	None	None	1	3	7	disease:sickness	7	1	0	0	0	0	workout:sweat::disease:sickness	CD
859	1	3	7	workout:sweat	0	None	None	None	7	None	0	0	0	0	workout:sweat::disease:sickness	AB
860	0	3	7	workout:sweat	0	3	7	disease:sickness	7	1	1	2	4	['3']	workout:sweat::disease:sickness	Probe
861	0	None	None	None	1	3	7	tragedy:tears	5	1	0	0	0	0	workout:sweat::tragedy:tears	CD
862	1	3	7	workout:sweat	0	None	None	None	5	None	0	0	0	0	workout:sweat::tragedy:tears	AB
863	0	3	7	workout:sweat	0	3	7	tragedy:tears	5	1	1	2	4	['4']	workout:sweat::tragedy:tears	Probe
